English,Kiswahili,Ekegusii,Domain
"Long long ago people didnt know anything. They didnt know how to plant crops, or how to weave cloth, or how to make iron tools. The god Nyame up in the sky had all the wisdom of the world. He kept it safe in a clay pot.","Hapo zamani za kale, watu hawakujua chochote. Hawakujua kupanda mimea, hawakujua kushona nguo, wala hawakujua kuunda zana za chuma. Nyame, mungu aliyekuwa mbinguni, ndiye aliyekuwa mwenye hekima zote za dunia. Alihifadhi hekima hiyo kwenye chungu cha udongo.","Igabwo kare kare banto tibamanyete kende. Tibamanyete gosimeka endagera, gose gosona yanga, gose korosia ebinto korua ase chichuma. Nonya nigo nyasaye orenge korokwa Nyame narengeoo gotatiga amenyete igoro ase rise naende nigo abwate obong’aini bwensi bwense. Nigo agachete obong’aini obo ase enyongo.",Literature
"One day, Nyame decided that he would give the pot of wisdom to Anansi. Every time Anansi looked in the clay pot, he learned something new. It was so exciting!","Siku moja, Nyame aliamua kumpa Anansi chungu hicho cha hekima. Kila Anansi alipotazama ndani ya chungu cha udongo, alijifunza jambo jipya. Alifurahi sana!","Rituko erimo, Nyame akaamua koenana enyongo eria y’obong’aini gosia ase Anansi. Kera engaki Anansi arigereretie enyongo eria, nigo arenge kweegeria egento ekeyia. Nero nigo yare komorentera omogoko omonge.",Literature
"Greedy Anansi thought, Ill keep the pot safe at the top of a tall tree. Then I can have it all to myself! He spun a long thread, wound it round the clay pot, and tied it to his stomach. He began to climb the tree. But it was hard climbing the tree with the pot bumping him in the knees all the time.","Anansi mlafi alinongona moyoni, Nitakificha chungu hiki juu ya mti mrefu ili nikifaidi mwenyewe. Akasokota uzi mrefu na kuuzungusha kwenye chungu. Kisha, akajifunga tumboni. Akaanza kupanda kwenye mti. Lakini ilikuwa vigumu kupanda kwenye mti huku chungu kikimgonga magotini kila mara.","Rakini Anansi nigo arenge omong’iti nokoba igo akarengereria, “Tiga nkache enyongo eye igoro y’omote omotaambe, ase onde bwensi atayenyore. Erio nario ndanyore enyongo eye ebe eyane inche bweka!” Akamina amakengo akarosia engori naboigo agasiba engori eria ase enyongo eria. Koruoo agesiba engori eria ase ekeuno kiaye, erinde enyongo eria egasugunana bosio bwaye, erinde agachaka korina omote oria.",Literature
"All the time Anansis young son had been standing at the bottom of the tree watching. He said, Wouldnt it be easier to climb if you tied the pot to your back instead? Anansi tried tying the clay pot full of wisdom to his back, and it really was a lot easier.","Wakati huo wote, mwanawe alikuwa amesimama chini ya ule mti akimtazama baba yake. Akamwambia, Baba, si ingekuwa rahisi kupanda endapo ungekifungia chungu mgongoni? Basi Anansi akajaribu kukifungia chungu kilichojaa hekima mgongoni mwake, na kweli ikawa rahisi zaidi.","Rakini korina omote oria n’enyongo eria ekaba obokongu asengencho enyongo nigo yarenge konyakomotwomera amaru aye kera engaki. Anansi agachaka kogechiwa mono nenyongo eria yarenge komoara, amo n’omoroso. Engaki eye yonsi omwana bw’Anansi nigo akengerete korwa nse yomote oria, amorigereretie buna akorina. Akamotebia, ‘Naki yarenge koba bwororo kware korina omote oyio gosibete enyongo eyio ase omogongo oo ribaga ri’ekeuno?” Erio Anansi agatema gosiba enyongo eria yabwate obong’aini mogongo oye, akanyora buna nigo yarenge bwororo mono korina omote oria.",Literature
"In no time he reached the top of the tree. But then he stopped and thought, Im supposed to be the one with all the wisdom, and here my son was cleverer than me! Anansi was so angry about this that he threw the clay pot down out of the tree.","Punde tu alifika juu ya mti, aliwaza, Natakiwa kuwa ndiye mwenye hekima zote, lakini hapa mwanangu ndiye mwenye akili kuliko mimi. Anansi alikasirishwa sana kiasi kwamba alikitupa kile chungu chini ya mti.","Eyio ekagera akairina omote oria mbaka igoro bwango sana. Rakini agatenena nakorengereria, “Ninche bweka mbwenerete gotwara obong’aini bwensi, na igaa omwawa oyo one nigo ang’ainia kombua!”",Literature
"It smashed into pieces on the ground. The wisdom was free for everyone to share. And that is how people learned to farm, to weave cloth, to make iron tools, and all the other things that people know how to do.","Chungu kilivunjika vipandevipande pale chini. Hekima zikawa za bure kwa mtu yeyote kujichukulia. Na hivyo ndivyo watu walivyojifunza kulima, kushona nguo, kuunda zana za chuma, na mambo yote mengine ambayo watu wanajua kuyafanya.","Enyongo erai egaateka ebisanda ekaba ebiminyore ebinge nse yomote oria. Nabo igo bono abanto besometie okorema, ogosona chiyanga n’ebinto bionsi abanto bamanyete rero.",Literature
"Long long ago when the earth was new, great mountains covered the world like a blanket, and tall trees spiked the sky.","Hapo zamani za kale dunia ilipokuwa mpya, milima mikubwa ilifunika ulimwengu kama blanketi. Nayo miti mirefu ilichongoka mawinguni.","Abwo kare kare ekero riroba riarenge rinyia, ebitunwa ebinge nigo biatubete ense eye buna oborangeti, nemete emetambe nigo yabetete erioba.",Literature
"In this world, there was a deep dark pool, silent and cold.",Duniani palikuwa na dimbwi kubwa la maji baridi shadidi na lililotulia tuli. Kina chake kilikuwa kirefu na liligubikwa na giza totoro.,"Ase ense eye, engoro nere yabwate amache, amatoereru, naende amakendu.",Literature
"At the bottom of this pool were two snakes. One had thick strongly patterned coils, and the other was smaller and more delicate.",Kwenye sakafu ya dimbwi hilo paliishi nyoka wawili. Mmoja alikuwa mnene na mwenye nguvu. Na mwengine alikuwa na umbo dogo la kuvutia na dhaifu.,"NSe yamache aya, ching’iti ibere inchiamenyete aroro. Eyemo nigo yabwate emeringori emekong’u, neria yende nigo yarenge enke naende engusu.",Literature
"Then one day, there was a great storm. A flash of lightning pierced right to the bottom of the pool. The waters parted for a moment. The snakes saw the earth above, full of colours and shapes and feathered creatures. When the waters closed again, the snakes could not forget the beauty they had seen.","Basi siku moja pakatokea dhoruba kubwa. Radi ilipiga na kupenya hadi chini ya dimbwi. Maji yakagawika kwa muda mfupi, wale nyoka wakaweza kuona ardhi kule juu. Waliona vitu vya rangi nyingi na vyenye maumbo tofauti tofauti. Waliona viumbe wenye mbawa angani. Kila kitu walichoona ardhini kilivutia sana.","Bono rituko erimo, embura enene egatwu. Enkoba akabara mbaka nse yengoro eria yarenge namache. Amache akabagana ase chingaki nke igo. Ching’iti chiria chikarora riroba igoro yabo ribwate chirangi ao ao amo nemenyama yende yabwate amarionya. Ekero amache aria airanete amo naende, ching’iti chiria tichichieti kweba obuya boria chiaroche igoro yabo.",Literature
"We cannot stay in this dark cold pool any longer, they said to each other. Let us go up and see the earth above. How will we live on earth? said the smaller snake. Will we crawl on our bellies?","“Hatuwezi kuendelea kuishi kwenye dimbwi hili lenye giza na baridi,” waliambiana. “Twende kule juu tukaione ardhi.” “Tutawezaje kuishi kwenye ardhi?” yule nyoka mdogo aliuliza. “Je, tutatambaa kwa matumbo?”",“Titokegenderera kemenya ase egesunte eke iga namache aya amakendu goetani rero.” ching’iti chiria chigetebia. “Tiga togende igoro ase ense torore riroba riria. “Inaki toramenye ase ense” eng’iti eria enke ekaboria. “Ntonyare kouagura nechinda chiato?”,Literature
"The birds of the air will not laugh at us for being so low, said her friend. We will not crawl, we will walk! Very slowly the snakes uncoiled themselves. Close together they began to swim up, up, to the light above.","“Ndege wa angani hawatatucheka na kutuona duni,” mwenzake alimjibu. “Hatutatambaa, tutatembea!” Nyoka hao walijikunjua polepole. Wakaanza kuogelea na kuogelea wakielekea juu kwenye mwangaza.","Chinyoni chiria chikoiruruka tichigotosekerera kobera nse,” mosani oye agateba. “ekiagera titokouagura, nigo naintwe torabe togotara!” Ng’ora ng’ora hing’iti ciria chigachaka kweng’usororia. Chire amo ang’e ang’e cigachaka goaka ontimbu gochia ase oborabu boria igoro.",Literature
"And as they reached the surface of the water, a strange thing happened. The tips of their tails split into two. They grew limbs with feet and toes. From just beneath their heads grew two arms with hands and fingers.","Walipokaribia juu ya maji, maajabu yalitendeka. Mikia yao iligawika mara mbili wakawa na miguu yenye vidole. Na mikono miwili yenye vidole ilitokea chini ya vichwa vyao.","Riria buna chigochia goika igoro y’amache aria, egento kiogokumia gekaba. Omoerio bw’emincha biabo bikabagana bikaba bibere – bikaba amagoro abwate ebiara. Na korwa nse yemetwe yabo, amaboko abere nebiara amo nenchinchara bikamera.",Literature
"They were no longer snakes, but Man and Woman.","Hawakuwa nyoka tena, kwani sasa waligeuka na kuwa mume na mke. Walitazamana na kupendana kama mume na mke.","Korwa engaki eyio kogenderera bagatiga koba ching’iti, bono bakaba abanto, Omosacha nomokungu. Riria buna bakwenakwerigereria, baganchana.",Literature
"We will make our home in the hills, said Woman. Each morning we will see the sun rise and feel it warm on our backs. We will look after the grass and the trees, said Man. And be friends with Bird and Beast.","“Tutajenga nyumba juu milimani,” Mke alisema. “Kila siku tutaliona jua likitoka na kufurahia joto lake.” “Na tutalinda nyasi na miti,” Mume alisema. “Tutakuwa marafiki wa ndege na wanyama.”",“Togende tomenye ebitunwa iria igoro” omokungu oria agateba. “Kera emaambia tonyare korora omogaso gokooroka naboigo konyora riberera riaye” Tonyare korenda obonyansi nemete yonsi pi. Omosacha oria agateba. “Na igo korosia abasani necinyoni chionsi ame nemenyama yonsi pi.“,Literature
"Come, said First Man. I will, said First Woman. And they walked out together into their new world.","“Hebu njoo,” Mume wa Kwanza alisema. “Naam,” akajibu Mke wa Kwanza. Kisha wakatembea pamoja kwenye ulimwengu wao mpya.","“Inchwo,” omosacha oria omotang’ani “Nachire,” omokungu oria omotang’ani akairaneria Naende bagatara amo gochia ase ense eria yabo enyia.",Literature
"Once upon a time, there was a boy called Demane. He had a twin sister called Demazane.","Hapo zamani za kale paliondokea mvulana mmoja aliyeitwa Demane. Alikuwa na pacha mwenzake aliyeitwa Demazane. Wazazi wao walipofariki, Demane na Demazane walienda kuishi na mjomba wao. Huko kwa mjomba wao, walitendewa mabaya. Walichapwa kwa vibiko virefu, na walipewa uji mwepesi mara moja tu kwa siku. Kwa sababu hiyo, walitoroka.","Abwo kare omomura narenge ororo orenge korokwa Demane. Nigo abwate esare yambwabo orenge korokwa Demazana. Ekero abaibori babo bakwete nigo bachiete komenya na ise moke. Korende nigo bachandetwe mono. Nigo barenge goitwa nebiranya ebitambe, naboigo bakaba bakoegwa erongori yoka naende rimo rioka kera rituko. Igo bagatama.",Literature
"When their mother and father died, they went to stay with their uncle. But they were badly treated. They were beaten with long sticks, and given thin porridge only once a day for food. So they ran away.","Hawakuwa na nyumba ya kuishi. Waliona pango wakaamua kuishi ndani mwake. Waliogopa kwa sababu walisikia kwamba majitu yaliyokula watu yaliishi karibu. Kwa hivyo waliunda mlango wenye nguvu. Wakafunga kiingilio na kuacha mashimo mawili ya kupitisha hewa na mwangaza. Kisha Demane akamwambia dadake, “Baki humu pangoni nikatafute chakula. Na usipike nyama kamwe. Majitu hupenda sana harufu ya nyama.","Bakanyora ekerongo bakamenya ime. Nigo baoboete mono ekiagera nigo barenge koigwa buna abanto mbare barenge koria abande. Na abanto aba nigo bamenyete ase ebitunwa. Igo bakarosia omorangu omokongu gokuneka egesoerio, nechingoro ibere chioka ase ensemo eyemo yekerong keria erinde embeo noborabu binyare gosoa. Demane akamoonya mosubati omwabo, “Bera igaiga ase ekerongo eke erinde nche ing’ende koinda, naende tobaisa koiyeka nyama ende yonsi. Abanto baria bakoria abanto nigo banchete ogotioka kwe’nyama.",Literature
"They found a cave to live in. They were scared because they had heard that there were cannibals living in the hills. So they made a strong door to cover the entrance, with only two holes to let in air and light. Demane warned his sister, Stay in the cave while I am out hunting, and dont cook any meat. Cannibals love the smell of cooking meat.","Kila jioni Demane alirudi na nyama aliyowinda – sungura, ndege au paa. Kila aliporudi pangoni aliimba: Demazane, Demazane, nimefika kwenye pango, nifungulie mlango, ndiye mimi si uongo, nimewinda na korongo, tupike kwa kikaango, ufungue kwa mpango, asiingie muongo.”","Kera emarorogoba Demane akaba gakorenta kende gionsi konyora aitire – buna egesusu amo neng’uko. Kero arenge koirana, nigo arenge gotera: Demazana, Demazana,?Omwana o mama, ing’igorere ekerongo eke, chinyoni nabo chirasoe. Naende nigo kebwate chingoro ibere.”",Literature
"Each evening Demane brought back something he had killed – a hare or some birds or a small buck. As he came to the cave, he sang, Demazane, Demazane, child of my mother, open this cave to me. The swallows can enter it. It has two holes.","Demazane alichoka sana kukaa pangoni peke yake. Basi siku moja kakake alipoondoka, naye Demazane alitoka na kwenda matembezi. Aliona mto mdogo akaogelea kwa furaha sana. Pia alipanda miti akaendelea kustarehe. Alifurahia uhuru wa kucheza. “Labda hakuna majitu,” aliwaza. “Pengine mjomba alisema kuna majitu ili kututisha tu.”","Demazane akarosa kobera ere bweka ase ekerongo keria kera rituko. Igo rituko erimo, ekero momura omwabo asogete isiko gochia koinda na gotega emenyama, agasoka nere korora. Akanyora oroche agasoa ime gochiesa, na korina emete igoro. Akaigwa buya koba isiko ye’kerongo keria. “Oranyore,” banto tibaiyo bakoria abande. Gose onyore buna tata moke nigo arenge gototebia igo erinde tooboe.”",Literature
"Demazane found it very boring to stay in the cave all day. So one day, when her brother had gone, she went out to explore. She found a stream to play in, and some trees to climb. She felt free and happy. Perhaps, she thought, there are no cannibals. Perhaps Uncle said there were cannibals just to frighten us.","Kesho yake alipata ukakamavu, akawasha moto ili kuondoa baridi. Lakini aliwasha moto huo ndani ya pango kwa kuogopa majitu. Aliufunga mlango kabisa. “Nina hakika hakuna hatari nikichoma nyama kwa moto huu. Chakula cha kuchomwa ni kitamu.”",Rituko riria riarenge kobwatia akaba omoremu mono gouta omorero erinde anyare koigwa riberera. Gotatiga rende anyuotete ime yekerongo keria omorangu oria gosiekire – erio anyare koba tu ase omorembe. “Ninde nobomaene buna kende tikeiyo kerakorekane ing’ise gosamba akanyama gake igo. Nigo erabe buya koria endagera eiyekire.”,Literature
The next day she felt bold enough to make a fire to warm herself. But she made it inside the cave with the door firmly shut – just to be on the safe side. Im sure it wont matter if I put a little meat on the fire. It will be so good to have a cooked meal.,"Demane aliporudi nyumbani aliimba kama kawaida: Demazane, Demazane, nimefika kwenye pango, nifungulie mlango, ndiye mimi si uongo, nimewinda na korongo, tupike kwa kikaango, ufungue kwa mpango, asiingie muongo.” Alimfungulia mlango akaingia. Alipoona nyama iliyochomwa. Demane aliuliza, “Ulichomaje nyama bila moto?” “Nilichoma nyama hii kwenye jua nje ya pango,” Demazane alijibu upesi. Kwa vile Demane alikuwa amechoka hakuuliza swali tena. Waliketi wakendelea kufurahia chakula.","Ekero momura omwabo airanete agatera buna yarenge ekawaida, Demazana, Demazana,?Omwana o mama, Igora ing’igorere ekerongo eke. Ebinyoni nabo bigosoa. Naende nigo kebwate chingoro ibere.” Akaigora omorangu oria erinde asoe. Ekero aroche enyama eria eiyekire, Demane akamoboria, “Inaki gwakora iga otabwate omorero?” “Nigo naanekera enyama eye ase omogaso isiko” Demazane akairaneria bwango. Demane buna arosete tachia koamererania nere, igo bagaikaransa nse koragera amo.",Literature
"When her brother came home he sang as usual,Demazane, Demazane, child of my mother, open this cave to me. The swallows can enter it. It has two holes. She opened the door and let him in. When he saw the cooked meat, Demane asked, How did you do this without a fire? I dried the meat in the sun outside the cave, Demazane replied quickly. Demane was too tired to argue, and they sat down to enjoy the meal together.","Siku iliyofuata Demazane aliwasha moto na akachoma nyama tena. Alpomaliza kutayarisha ile nyama alisikia sauti ikiimba kwenye mlango wa pango. Demazane, Demazane, nimefika kwenye pango, nifungulie mlango, ndiye mimi si uongo, nimewinda na korongo, tupike kwa kikaango, ufungue kwa mpango, asiingie muongo.” Lakini sauti hiyo haikuwa kama ya kakake. Basi akasema: Hapana, wewe si kakangu. sauti hiyo si yake.","Rituko riria riarenge kobwatia, agauta omorero naende nakoiyeka enyama yende. Riria are ange’ gokora koiyeka akaigwa ogotera isiko yegesieri kiabo, Demazana, Demazana,?Omwana o mama, Ing’igorere ekerongo eke. Ebinyoni nabo bigosoa. Naende nigo kebwate chingoro ibere.” Gotatiga riogi riria tiriarenge buna eria momura omwabo. Demazana agateba: “Yaya, aye tori oyominto, riogi riao tiriri buna eriaye.” Akarema koba ime yekerongo keria.",Literature
"The next day, she made a fire and cooked meat again. She had just finished when a voice sang outside the door, Demazane, Demazane, child of my mother, open this cave to me. The swallows can enter it. It has two holes. But the voice did not sound like her brothers. Demazane said, No. You are not my brother. Your voice is not like his. She felt safe in the cave.","Baada ya muda mfupi alisikia sauti tena ikiimba: Demazane Demazane, nimefika kwenye pango, nifungulie mlango, ndiye mimi si uongo, nimewinda na korongo, tupike kwa kikaango, ufungue kwa mpango, asiingie muongo.” Sauti hiyo ilifanana na ya kakake. Kwa hivyo alifungua mlango.","Ake igo akaigwa naende omonto kagotera isiko yekerongo keria, “Tiga insoe mosubati ominto.” Ing’igorere omwana ominto. Omwana o mama, Ing’igorere ekerongo eke. Ebinyoni nabo bigosoa. Naende nigo kebwate chingoro ibere.” Eriogi riria nigo riarenge buna eriamomura omwabo, igo akamoigorera.",Literature
"A little while later, someone was singing outside the cave again, Do let me in, my sister.Demazane, Demazane, child of my mother, open this cave to me. The swallows can enter it. It has two holes. The voice sounded just like her brothers, so she opened the door.",Jitu kubwa lenye nywele mwili mzima lilijaa mlangoni. Likamchukua Demazane haraka. Hangeweza kutoka. Lakini Demazane aliokota jivu la jikoni akabeba. Alipokuwa akibebwa alimimina jivu lile njiani walikopitia.,"Omosacha oyomo omoneene omerete etukia omobere bwensi agaichora ekerongo keria ime. Akamong’usa Demazane atarachi gotama. Demazane akanyaro kobogoria ribu ike. Riria buna abogoirie kogenda, akanyakoruta ribu riria nchera kogenda.",Literature
"A huge hairy man filled the opening of the cave. He grabbed Demazane before she could run away. Demazane just had time to pick up some ashes from the fire. As she was being carried away, she dropped some ashes here and there along the path.",Demane aliporudi alipata mlango ukiwa wazi na Demazane hakuwa ndani ... Lakini aliona jivu lililomwagwa kulekea msituni. Alifuata jivu hilo mpaka alipoona moto mbali.,"Rituko riria egento gioka Demane anyarete gotega nekonu yenchinchoke – nigo ayebogoretie ime yegunia abwate mogongo oye. Ekero airanete, akanyora egesieri kegoire na mosubati omwabo taiyo...gotatiga rende aroche ribu risiareire nchera goeta gochia emete ime. Akabwatia ribu riria nchera kogenda baka akarora omorero bosio bwaye.",Literature
"That day, all Demane had managed to trap was a hive full of bees. He carried them in a thick bag slung over his shoulder. When he came to the cave, he found the door open and his sister gone. But there were ashes pointing the way into the woods. He followed the ash along the path until he saw a fire in the distance.","Demane aliona jitu lililojaa nywele limeketi karibu na moto. Mfuko mkubwa ulikuwa karibu naye. Alisongea karibu na jitu hilo akijifanya anachechemea kama mtu aliyeumia mguu. “Tafadhali baba,” Demane alisema, “naomba unisaidie. Nimeumia mguu. Naomba maji ya kunywa.” Jitu likasema, “Ngoja nikuletee maji lakini usiguse mfuko wangu. Jitu lilisema huku likiweka mfuko ule vizuri ndani ya nyumba.","Ang’e nomorero oria omosacha omoneene omerete etukia omobere bwensi naikaransete aroro negunia eneene kere ensemo. Demane agatara mbaka as’are kagosogora buna oria oumiete.. “Gaki tata one, nonkonye? Naumiire okogoro kwane. Inkonye amache yokonywa.” Omosacha oria akairaneria, “Nigo indakoretere amache rioka ekero orang’eneki na kong’a oboene buna togokuna gunia yane.” akagacha egunia eria buuya nyomba mwaye.",Literature
"Near the fire was a huge hairy man sitting with a large bag next to him. Demane walked up to the man, pretending to limp, Please, father, can you help me? Ive hurt my leg. I need some water. The man replied, Ill get you some water, if you will promise not to touch my bag. And he put the bag carefully in his hut.","Lakini jitu lilipoondoka kwenda mtoni, Demane alikata kamba ya mfuko. Ulifunguka na dadake akatoka. Demane alibadilisha mfuko huo na mfuko wake uliojaa nyuki. Kisha yeye na dadake wakajificha na kungoja kuona kile ambacho kingetokea.","Riria buna achire iga, Demane akabutora engori yasibete egunia eria na mosubati omwabo agasoka. Demane akairania egunia eria yaye yabwate chinchoke ribaga yeria yabwate mosubati omwabo nakoganya korora ninki kerabe.",Literature
"But when he had gone, Demane cut the string of the bag, and out climbed his sister. Demane replaced the bag with his own bag full of bees. Brother and sister hid and waited to see what would happen.","Jitu lilirudi na maji pamoja na watoto wake wawili – msichana na mvulana. Likamwambia msichana, Kuna mlo mtamu ndani ya mfuko. Nenda ukaulete! Msichana alifungua mfuko kuona kilichokuwa ndani. Nyuki walimwuma mkono akalia akisema kwa sauti, “Inauma, inauma...” “Nenda ukamsaidie,” jitu lilimwambia mvulana kwa sauti. Pia mvulana aliumwa akalia kwa uchungu.","Ekero omosacha oria airanete namache, momura na mosubati baye bagacha nere. Agatebia omosubati oye, “Egento ekiya nkere ase egunia eria ere nyomba. Genda!onyerente igaa!” akaigora egunia eria ake igo korora ninki kiarenge ime yaye, gotatiga chinchoke chiria chikamoroma okoboko. Akarangeria kagoteba, “Nigo gekoroma.” Agatebia momura omwabo “Genda omokonye korenta!” Korende amachibu akaba boo naende.",Literature
"When the man came with the water, his son and daughter came with him. He said to his daughter, There is something nice in the bag in our hut. Go! Bring it! She opened the bag a little to see what it was, but the bees stung her hand, and she called out, It is biting. Go and help her! he shouted to his son. But the result was the same.","“Msinifanye mjinga,” jitu lilisema kwa sauti likajitoma ndani ya nyumba. Lilifunga mlango na kufungua ule mfuko. Nyuki wale walichomoka kwa wingi na kumwuma kichwani, masikioni, na hata kwenye macho. Alishindwa kuona akarukaruka na kulia kwa uchungu mwingi.","“Tiga gonkora omochinga,’ akoga nagosoa nyomba ime. Agasieka omorangu nagosibora egunia eria ere bweka. Chinchoke chiria chigasoka chikamoroma omotwe, emioro, namaiso aye. Agatuma tuma na gokura, gatubetwe amaiso nechinchoke chiria.",Literature
"Dont treat me like a fool, he shouted, and stormed into the hut. He closed the door and opened the bag himself. The angry bees swarmed out and stung his head, his nose, his eyes. Blinded, he jumped about, howling with pain.","Jitu lilikimbia kuelekea kwenye bwawa la maji. Lilichopeka kichwa kwenye matope likakwama huko. Liligeuka na kuwa kisiki cha mti uliokatwa. Nyuki walijenga nyumba yao kwenye kisiki hicho. Baadaye, Demane na Demazane walifurahia asali tamu kutoka kwa mzinga huo wa nyuki.","Akaminyoka na kogwa nomotwe ime yamache, omotwe oye okananta ase esike. Agaonchokera omote orenge ang’e naende akanyora nekonu yechinchoke. Korwa abuo ase engaki etambe, Demane na Demazane bakaria oboke obwansu korwa ase ekonu eria.",Literature
"Long, long ago, the Sky God, Nyame, kept all stories locked in a wooden box, high in the sky. People down on earth had no stories to tell and they were very sad. They asked Anansi the clever Spider to help them.","Hapo zamani za kale, Mungu wa Mbinguni, Nyamae, alizifungia hadithi zote kwenye sanduku la mbao, huko juu. Watu hapa duniani walihuzunika sana kwa kuwa hawakuhadithiana. Wakamwuliza Anansi, buibui, mwerevu awasaidie.","Kare, kare, abwo kare sana, Nyasaye Bwerioba igoro, nigo agachete emegano nakoyebungera ase esanduku yarosaeirie emete, aaria ase erioba igoro. Abanto nse igaa ase ense tibabwate megano yokoorokeria na igo nigo bagechirie sana. Tibarenge na mogoko. Bakaboria Anansi, oronyambobe oronyambobe roria orongaini robakonye.",Literature
"Anansi spun a long thread, and climbed up his sticky thread all the way to heaven. Can I have the stories, please? he asked the Sky God. But Nyame laughed at Anansi and said, Oh, these are very expensive stories. You wouldnt be able to pay for them, little spider.","Anansi alisokota utando mrefu unaonata, akautumia kupanda hadi mbinguni. “Tafadhali nipe hadithi?” Anansi alimwambia Mungu wa Mbinguni. Lakini Nyamae alimcheka Anansi akisema, “Hadithi hizi ni ghali mno. Hutaweza kuzilipia, buibui mdogo, wee.”","Anansi, akarosia eusi etaambe nakorina eusi eria yarenge konanta mbaka igoro o’nyasae. “Ninyore emegano aria, gaki?” akaboria Nyasae Bwe’rioba. Rakini Nyame akamosekerera kagoteba, “ Obe, emegano eye nigo ere yerigori rinene. Tokonyara koyeakanera aye, akanyambobe aka.”",Literature
"How much do the stories cost? asked Anansi. Youll have to bring me three rare and fierce animals, Nyame answered, A leopard with sharp teeth like spears, a hornet that stings people, and a snake that swallows people whole. He laughed and laughed. He thought his stories were quite safe.","“Hadithi hugharimu pesa ngapi?” Anansi aliuliza.” “Itabidi uniletee wanyama watatu wakali na wa kipekee”, Nyamae alijibu, “chui mwenye meno makali kama mkuki, nyigu anayewauma watu, na nyoka anayewameza watu.” Alicheka na kucheka. Alidhani kwamba hadithi zake zilikuwa salama.","“Nechibesa irenga emegano eye eragorwe?” Anansi akaboria. “Goika ondetere emenyama etatu emiya naende emekari,” Nyame akamoiraneria, “echui eria ebwate amaino amoge buna amatimo, ekiarambe keria gekorasa abanto, ne’ng’iti eria ekomera abanto abagima. Agaseka naende agaseka mbaka amaiso aye akarwa amariga. Akarengereria buna emegano eria nigo yagachire buya mono.",Literature
"So Anansi climbed slowly back down his sticky thread to the earth. He thought and he thought, and he came up with a plan. He dug a deep hole, covered it with branches and dirt so it was hidden, and he went home for supper. In the morning, sure enough, a leopard had fallen into his pit. He was furiously scratching at the side of the pit, but he couldnt get out.","Kwa hivyo Anansi alishuka pole pole chini. Aliwaza na kuwazua kisha akapata mpango. Alichimba shimo refu, akalifunika kwa matawi na udongo ili lisionekane, kisha akaenda nyumbani. Asubuhi iliyofuata chui alikuwa ameanguka kwenye shimo. Alikuwa akikwaruza kuta za shimo kwa ghadahbu.","Igo anansi agaika ng’ora ng’ora ase eusi eria yarenge konantananta gochia nse ase ense. Akarengereeria, akamanya koamua korosia omorebio oyo. Akarema engoro etaambe, akayekuneka ne chinsaginsagi chiemete nobochabu bonde erinde anyare kobisa engoro eria, akamanya kogenda nka koria endagera yamarogoba. Mambia yaye, amaene pi akanyora echui yagure engoro eria ime.",Literature
"Oh let me help you, my dear friend! said Anansi. Just lie down on these sticks and Ill pull you out. Anansi wound his sticky web round the leopard and the sticks, and pulled him up to heaven to show the Sky God. But Nyame just laughed and said, Where are the other two?","“Hebu nikusaidie, rafiki yangu.” Anansi alisema.” “Hebu lalia vijiti hivi halafu nitakuvuta nje.” Anansi akautungia utando wake unaonata, kwa mwili wa chui, na vijiti, kisha akamvuta hadi juu kwa Mungu wa Mbinguni. Lakini, Nyamae alimcheka akauliza, “Wale wengine wawili wako wapi?”","Obe gaki, tiga inkokonye, mosani one!” Anansi agateba. “Rara inse igaiga ase ebite ebi erinde inyare gokongusa koru engoro eyio ime.” Korwa aroro Anansi agachaka gosiba echui eria neusi yaye amo nebite, nakomokurura mbaka igoro ase rire gochia komwoorokia Nyasae. Rakini Nyame agaseka tu nakomoboria, “Ng’ai emenyama eria yende ere?",Literature
"So Anansi went back down to earth to get the second creature. He thought and he thought and he came up with a plan. He took a gourd full of water and went to the tree where the hornets lived. He poured out some of the water all over their nest. Then he cut a leaf from a banana tree and held it over his head, and he poured the rest of the water all over himself.","Kwa hivyo, anansi alirudi tena ardhini kumtafuta mnyama wa pili. Alifikiri, akafikiri na hatimaye akaibuka na wazo. Alichukuwa kibuyu kilichojaa maji na kwenda kwenye mti walimoishi nyigu. Akamwagilia nyumba ya nyigu maji mpaka ikalowa kabisa. Kisha akatafuta jani la mgomba akajikinga nalo kichwani, halafu akajimwagilia maji yaliyobaki, kila sehemu ya mwili.","Igo Anansi akairana gocha nse naende gochia kobwata naende omonyama oria okabere. Akarengereeereria no korosia omoroberio onde. Akareta ekerandi geichire namache nakogenda mbaka ase omote oria ase ebiarambe biamenyete. Agaitera amache aria make ase egesera kiabo. Koruoo akabutora rigoma korwa ase ritoke nagwetuba omotwe oye, nakweimorera amache aria amatigari ase omobere oye.",Literature
"He called out to the hornets, Hey hornets! Come see! It is raining! Quick - get inside my gourd and it will keep all of you dry. Hornets dont like to get wet, so they all flew into Anansis gourd.","Kisha akawaita manyigu, “Aisee manyigu! Njooni mwone! Mvua inanyesha! Haraka – ingieni ndani ya kibuyu changu ili mjikinge na mvua. Manyigu hawapendi kulowa maji; kwa hivyo, walikimbilia ndani ya kibuyu cha Anansi.","Koruoo akarangeria ebiarambe biria, “inwe ebiarambe ebi! Inchwo morore! Embura yature! Bwango bwango soa igaa ase ekerandi kiane kebakenge korwa ase embura.” Momanyete ebiarambe tibiancheti gotwerwa, igo bikairuruka bigasoa ekerandi keria kia Anansi ime.",Literature
"Then Anansi quickly spun a web across the opening so the hornets couldnt get out no matter how much they buzzed. He carried them up to heaven and showed them to the Sky God. But Nyame just said, Wheres the last one? (He wasnt laughing so much anymore.)","Kwa haraka, Anansi aliutungia utando wake kwenye mlango ili manyigu wasitoke kamwe. Akawabeba wote hadi juu kwa Mungu wa Mbinguni. Lakini Nyamae akasema, “Mnyama wa mwisho yu wapi?” (Wakati huu hakucheka).","Anansi bwango bwango agasiba omonua oria bwekerandi keria erinde ebiarambe biria tibibaisa gosoka nonya biarenge konyakorera. Akabibogoria mbaka Igoro onyasaye gochia komworokia Nyasae. Rakini Nyame akamoboria, “Ng’ai omonyama oria bwomoiso ore?” (bono akaba tarigoseka naende).",Literature
"So Anansi went down to earth again. He thought and thought and he thought, but he couldnt come up with a plan. So he asked his wife, who had a very good idea. Together they found a good long thick branch and some strong vines. When they got near the stream where the snake lived, they began to argue. The branch is longer! No, it isnt! Yes it is!","Kwa hivyo, Anansi akarudi ardhini tena. Alifikiri na kufikiri, lakini hakuna wazo zuri lililomjia akilini. Basi akamwuliza mkewe aliyekuwa na wazo bora sana. Walishirikiana kutafuta kijiti kimoja kirefu na kamba dhabiti. Walipofika karibu na mto alimoishi nyoka, walianza kubishana. “Kijiti hiki ni kirefu zaidi!” “hapana si kirefu!” “Ndio, ni kirefu!”","Igo naende Anansi agaika gochia ase ense. Akarengeereria naende, rakini agasinywa korosia omoroberio. Igo akamoboria omokungu oye, oyio omoete obong’aini obuuya. Bonsi babere bakanyora ensagisagi engiiya enetu ne’megoye emekongu. Ekero barenge ang’e noroche ase eng’iti yamenyete, bagachaka koamererania. “oronsaginsagi oro norotambe.” “Yaya, tirori rotambe!” “Ee norotambe!”",Literature
"Soon the snake came out and asked what the argument was. I was arguing with my wife, said Anansi. She says this stick is longer than you are. But I dont agree. Of course Im longer than that stick! said the snake. Im very long! Im a huge snake! Just put your stick next to me and measure!","Mara nyoka akatokea kwenye maji akawauliza sababu ya mabishano yao. “Mke wangu anasema kwamba kijiti hiki ni kirefu kuliko wewe,” Anansi alisema. “Lakini mimi sikubaliani naye.” “Lakini ni wazi kwamba mimi ni mrefu kuliko kijiti hicho!” nyoka alisema. “Mimi ni nyoka mrefu sana! Hebu weka kijiti karibu nami nijipime.”","Ake igo, eng’iti eria egasoka na kobaboria ninki barenge koamererania. “Nigo narenge koamererania namokane oyo, “ Anansi agateba, “Okoba agoteba buna egete eke negetambe gokobua. Rakini tinyancheraneti.” Ayio namaene inche nomotambe nde kobua egete ekio!” eng’iti erai ekabatebia. “nche nomotamber mono! Nigo inde omonene mono! Beka ango egete ekio ang’e nainche monyare gopima!”",Literature
"So Anansi did that, and he tied the snake to the stick with his vine to keep him straight. When he was all tied up, Anansi took the snake up to heaven.","Anansi alifanya hivyo. Kisha akamfunga yule nyoka kwenye kijiti kile kwa kutumia kamba ili kumnyoosha sawasawa. Baada ya kumfunga huyo nyoka vizuri, alimbeba hadi juu mbinguni.","Igo anansi agakora igo nagosiba eng’iti eria nomogoye oria erinde eng’iti eria enyare koramboka kabisa ase egete keria. Ekero akorete gosiba eng’iti eria nemegoye eria, anansi akayebogoria akayeira mbaka igoro onyasae.",Literature
"Nyame had to admit that Anansi had paid his price. So he went to his wooden box, opened the lid, and gave all the stories to Anansi. Anansi carried the stories triumphantly down to earth. He shared them with his wife, and with all the other animals and people. Stories are for telling, not for keeping in wooden boxes.","Nyamae akaridhika kwamba Anansi alikuwa ametoa malipo ya kutosha. Basi akafungua sanduku lake la mbao, na akampa Anansi hadithi. Anansi alizibeba hadithi hizo kwa ushindi mkubwa hadi ardhini. Akazigawa kwa mke wake, na watu wengine pamoja na wanyama, kwa sababu hadithi ni za kuhadithia wala si za kuficha kwenye sanduku.","Abwo Nyame agancherana buna Anansi oakaneire egasi eria amotebetie. Igo akagenda ase esanduku eria yabwate emegano, akayeigora, nakomoa Anansi emegano eria yonsi. Anansi akayebogoria nomogoko bwensi gocha nse ase ense. Akayenoga namokaye amo nemenyama nabanto bonsi pi. Ekiagera gose emegano noyekonogwa tari eyokogacha ase chisanduku chiemete.",Literature
"Long ago, there was no night in Opios village. People slept when they were tired and worked when they were awake.",Hapo zamani za kale hapakuwa na usiku katika kijiji cha kina Opio. Watu walilala wakati wowote ule waliposikia uchovu. Walifanya kazi walipokuwa hawajalala.,"Kare sana, botuko mbwarengeoo ase ekenyoro kia Opio. Abanto nigo barenge korara kobarosire nagokora egasi ekero babogete.",Literature
"One day Opio went out hunting with his dogs. After a short time, his dogs started to chase an antelope. Opio followed them. He ran for many hours. Every time he became tired, he rested. Then he would run again. But he could not find his dogs.","Siku moja Opio alienda kuwinda na mbwa wake. Baada ya muda mfupi, mbwa waliona paa wakaanza kumfukuza. Opio aliwafuata. Alikimbia kwa masaa mengi. Kila alipochoka alipumzika na kisha kuanza kukimbia tena. Lakini hakuwaona mbwa wake.",Rituko erimo Opio nigo arenge nomogoko omonene ekiagera nario ritang’ani riaye koinda ere bweka. Opio akarangeria chisese chiaye nakogenda koinda nachirochio. Ake igo chisese chiria chigachaka kominyokia engabi.,Literature
"After many days, he came to a village. He went to one of the houses and said to the owner, I have chased an antelope for a long time and I am very tired. I want to rest. The man said, Sit down and rest. Would you like some beer? Opio was very thirsty so he drank some. Then he went to sleep.","Baada ya siku nyingi alijipata katika kijiji kingine. Akaingia kwa nyumba moja akamwambia mwenye nyumba, “Nimekuwa nikimfukuza paa kwa muda mrefu na sasa nimechoka. Nahitaji kupumzika.” Mwenye nyumba akamwambia, “Ebu keti upumzike. Je, ungependa pombe kidogo?” Kwa vile Opio alikuwa na kiu alikunywa pombe kidogo kisha akalala.","Opio agachibwatia. Akaminyoka chinsa chinyinge. Kera engaki aigwete orosire, nigo arenge gotimoka. Erio naende ominyoka. Chisese chiria chikamosireria. Amatuko amange agaeta, agaika ekenyoro ase abanto baikaransete isiko yechinyomba chaibo. Akagenda ase enyomba eyemo nakoboria omonyene, ‘Nigo narenge koinda engabi egekaegetambe mbaka narosire. Enagania gotimoka ake.” Omonyene enyomba egateba, “Ikaransa nse igaa. Naki nonywea amaru?” Opio nigo arang’ete sana igo akanywa make. Koruoo akagenda korara.",Literature
"When he woke up, he couldnt see. He opened and closed his eyes many times. You have given me something very bad to drink, he said to the man. I cant see properly anymore! There is nothing wrong with you, the man replied. Its night now. Havent you ever seen night? When the day leaves, the night comes.","Alipoamka alishindwa kuona. Alifunga na kufungua macho yake mara nyingi. “Ulinipa kinywaji kibaya,” alimwambia mwenye nyumba. “Siwezi tena kuona sawasawa.”","Ekero abogete, tanyareti korora. Agatema komiamia amaiso aye na koramokia mara amange korende wapi. Ake igo, agachaka korora omonto oria omonyene enyomba. Akamotebia, “Ekwang’a egonto ekebe sana. Tindi konyara korora buya.”",Literature
Opio asked many questions about the night. He began to like it very much. He and his new friend talked until morning. He stayed for another day so that he could see the night come again.,"“Hakuna kitu kibaya na macho yako yako sawasawa,” Mwenye nyumba alimwambia. “Ni usiku sasa hivi. Kwani hujawahi kuona usiku tena? Siku ikiisha, usiku hufuata.” Opio aliuliza maswali mengi kuhusu usiku. Akapendezwa sana na jambo la usiku.Yeye na rafiki yake mpya walizungumza hadi asubuhi. Alikaa kwake kwa siku nyingine moja ili aone usiku ukiingia tena.","Omonyene oria agateba, “Kende tikeiyo kebe naye. Bono iga mbotuko. Yaani tikwana komanya botuko? Ekero omobaso okoera, obotuko nigo bogosoa. Nigo tobwate chinsa ikomi na ibere chio’mobaso na ikomi na ibere chio’botuko. Nigo togotimoka botuko negasi twakora mogaso. Ng’ai omenyete, timobwati botuko kenyero kiaino?” Opio akababoria amaboria amange. Agachaka gwancha amairanerio abo mono sana. Agatiga korara naende. Ere nomonyene bagakwana mbaka mambia. Opio akagania koberaoo rituko rinde erinde anyare korora obotuko bonde.",Literature
"The next morning he asked his friend, How can I take the night to my own village? I want my people to see the night. When it starts to get dark this evening, walk to your village. If you look straight in front, the night will follow you. But you must not look back. If you look back, the night will go away.","Asubuhi iliyofuata, yule jamaa, alimweleza Opio, “Giza likianza kuingia leo tembea kwenda kijijini kwenu. Ukitembea huku ukiangalia mbele usiku utakufuata. Hupaswi kamwe kuangalia nyuma. Ukiangalia nyuma usiku utapotea.”","Akarara mogaso. Korende akaboka obotuko botaraika. Akaboria omonyene oria amoorokie buna aranyare kobogoria obotuko boria gochia ekenyoro kiaye. Ekiagera nigo aganetia abanto baye nabarabwo bamanye obotuko. “Genda ase omogambi oito, nere oragotebie,” omonyene oria akamotebia. Omogambi oria akamotebia atare mbaka ekenyoro kiabo obotuko boria bwarenge kobwatia. Tabaisa korigereria magega. Ekiagera aise korigereria magega, nigo obotuko borasire. Aise korigereria bosio bwaye, obotuko boria nigo bokomobwatia baka sobo.",Literature
"Opio did as he was told. That evening, he began to walk towards his village. He felt the dark night behind him as he walked. He wanted to look back. But he did not.",Opio alifanya alivyoambiwa. Usiku huo alianza kutembea akielekea kijijini kwao. Alisikia giza la usiku likimfuata nyuma yake. Alitaka kuangalia nyuma lakini hakuangalia.,Opio agakora buna atebetigwe. Agachaka koirana ekenyoro kiaye emarogoba eria yarenge kobwatia. Akagania korigereria magega. Korende tarigerereti. Akanya gosuka ang’e n’ekenyoro kiaye. Ake ake agachaka korora ekenyoro kiaye nabasani baye.,Literature
"When he came to his village, the villagers were afraid. What disease have you brought to us, Opio? they asked. What is this dark thing following you? Opio said, My friends, this dark thing is called night. Now you are afraid and I was afraid, too.","Alipofika kijijini kwao, wanakijiji waliogopa. “Opio, ni ugonjwa gani huu uliotuletea?” walimwuliza. “Ni nini hiki cheusi kinachokufuata nyuma yako?” Opio akawaeleza, “Ndugu zangu kitu cheusi kinachonifuata kinaitwa usiku. Mnavyoogopa ndivyo nilivyoogopa pia.”","Opio akaigwa obororo. Agatebia abanyakenyoro tibabaisa kooboa. Akabatebia, “Obotuko tibori bobe. Koru bono ntonyare gotwara obotuko nomogaso. Goika ing’irane naende inchie kwoyia obotuko naende.”",Literature
"But you will learn to like the night. When the light comes we can work and when night comes, we can rest.",“Lakini hata nyinyi mtapenda usiku. Mwangaza ukija tutaweza kufanya kazi. Na usiku ukiingia tutapumzika.”,"Opio akairaneria, “Abasani bane, egesunte eke nigo gekorokwa obotuko. Ekero omobaso ogochicha nigo togokora egasi nekero obotuko bogochicha, nigo torabe togotimoka na korara.”",Literature
And that is how night came to Opios village.,Na hivyo ndivyo usiku ulivyoingia kijijini kwa kina Opio.,Naigo nabo obotuko bwaigete ase ekenyoro ki’Opiyo.,Literature
"Once upon a time there was a poor man and his wife. They had only one child, a girl. The childs name was Nonkungu. Her parents loved Nonkungu very much.",Paliishi mtu maskini na mkewe. Walikuwa na binti yao mrembo aliyeitwa Nonkungu.,Abwo kare Omosacha oyomo narengeoo amo na mokaye. Nigo babwate omwana oyomo bweka omoiseke nerieta riaye nigo arenge korokwa Nonkungu. Nonkungu nigo arenge omuya ekieni naende abwate enkoro engiya.,Literature
"One day her parents decided to send her to stay with her rich Uncle Mtonyama. Nonkungus mother made a special skirt with ribbon, buttons and beads. She also made a beautiful bead necklace for Nonkungu. Then she sent her off to her uncles village.",Siku moja wazazi walimtuma Nonkungu akaishi na mjombake tajiri. Mamake alimtengenezea Nonkungu mkufu wa shanga na rinda alilolirembesha kwa shanga.,"Rituko erimo, abaibori baye bakaamua komotoma gochia komenya na Ise moke orenge etachiri naende orenge korokwa Mtonyama. Ng’ina Nonkungu akamoroseria esikati yabwate emengori, ebibungo amo namaritati ande. Naende akamoroseria rindere ri’ebigoti.",Literature
On the way Nonkungu came to a stream. She crossed the stream using the stepping stones. On the other side she met a young girl wearing rags.,Nonkungu alivuka mto na kukutana na msichana aliyevaa matambara.,Nchera gakogenda akaumerana noroche. Agatamboka oroche roria kagotacha amagena arengeoo. Ase eng’umbu eria yende akaumerana nomoiseke oyomo obegete chiyanga amachanchabe.,Literature
"Where are you going? asked the young girl. Im going to visit my Uncle Mtonyama, said Nonkungu. Well, Mtonyama is my uncle, too and I am also on my way to visit him, said the young girl. So they walked on together.","“Unaenda wapi?” Yule msichana alimwuliza. “Ninamtembelea mjombangu Mtonyama,” Nonkungu alisema. “Ala! Mtonyama ni mjombangu pia nami namtembelea,” yule msichana akasema. Wakatembea pamoja.","“ing’ai ogochia” omoiseke oria akamoboria. “Nigo inkogenda komotarera tata moke Mtonyama,” Nokungu akamoiraneria. Ero bono, Mtonyama gose nainche tata moke, nainche noo ngochia komokwania,” omoiseke oria akamotebia.",Literature
"Before they had gone very far, the young girl said, Your skirt is so beautiful and your beads are so pretty. Please let me try them on. So Nonkungu took off her skirt and beads and gave them to the young girl.","Yule msichana akasema, “Rinda lako ni zuri na mkufu wako unapendeza. Hebu nivae nione zitakavyonikaa.” Nonkungu alimpa rinda na mkufu.","Bataragenda egeka egetambe, omoiseke oria akamotebia, “esikati yao nengiya namaritati aye n’amaya mono. Gaki ing’a inyeteme ndore gose komba ere buya.” Igo Nokungu akarusia esikati eria n’erindere riria abegete igoti akaaa omoiseke oria.",Literature
"When the girl took off her rags and changed into Nonkungus clothes, Nonkungu saw that the young girl had a tail! Nonkungu was afraid. She knew now that the young girl was really an imbulu.","Msichana huyo alipovaa nguo za Nonkungu, Nonkungu aligundua kwamba alikuwa na mkia! Yule msichana alikuwa Imbulu.","Ekero omoiseke oria arusia chianga chiaye chiarege amachanchabe nakobeka chiria chingiya chia’Nokungu, Nokungu akarora buna nigo abwate ekemincha! Nokungu akaondoka sana. Akamanya buna omoiseke oria nigo arenge Eimbulu.",Literature
"They walked on together. Please give me back my skirt and my beads, asked Nonkungu. But the imbulu answered, Let me wear them until we get to that tree. She pointed to a tree on the hill.","Nonkungu alipomwambia amrudishie rinda na mkufu, Imbulu alisema, “Wacha niendelee kuvaa kidogo.","Bakagenderera norogendo rwabo. “Gaki ing’a chiayanga chiane n’erindere riane,” Nokungu agateba Gotatiga rende Eimbulu eria egateba tiga mbeke baka ase omote ooria.” Akaraga omote orenge egetunu igoro.",Literature
"When they reached the tree, Nonkungu said to the imbulu, Please give me back my skirt and beads. Just let me wear them until we get to the next stream, said the imbulu. Nonkungu was afraid, so she agreed.","Baadaye, Nonkungu alimwambia Imbulu tena, “Tafadhali nirudishie rinda na mkufu wangu.” Hata hivyo, Imbulu hakumpatia.","Ekero baigete ase omote oria, Nonkungu agatebia Eimbulu eria, “Gaki ing’a esikati yane amo n’erindere riane.” “Tiga aye mbibeke baka toike ase oroche ronde rore bosio bwaito, Eimbulu eria ekamotebia. Nonkungu akaba nobwoba obonge, igo agancherana tu.",Literature
"At last they reached the stream. Again Nonkungu asked the imbulu, Please give me back my skirt and my beads. Just let me wear them until we get to that hut where the women are sitting, said the imbulu. So they walked on.",Waliufikia mto lakini Imbulu bado hakumrudishia Nonkungu rinda wala mkufu.,"Omoerio bagaika ase oroche roria. Naende Nokungu akaboria Eimbulu eria, “Gaki ing’a chiayanga chiane n’erindered riane.” “Tiga aye mbeke baka ase enyomba eeria ase abakungu baria baikaransete, Eimbulu eria ekamotebia. Igo bakagenderera",Literature
"When they reached the hut, the imbulu pushed Nonkungu back and called to the women sitting by the hut. Look at this girl wearing rags. She has been following me all day. I wish she would go away, said the imbulu. Nonkungu was so ashamed and so frightened that she ran hid in the kraal.","Walipofika kwenye boma, Imbulu aliwaambia wenyeji kwamba Nonkungu alikuwa akimfuata siku nzima. Nataka aniondokee.” Nonkungu aliaibika akajificha.","Ekero baigete ase enyomba eria, Eimbulu eria ekamosuguma Nokungu ensemo na gwetang’ania bosio bwaye nagotebia abakungu baria baikaransete ase enyomba eria, “Rigereria omoiseke oyo obegete chiyanga amachanchabe. Ombwatirie rituko rigima. Inyore",Literature
"Then the imbulu went to Uncle Mtonyamas hut. She said sweetly, I am your niece, Nonkungu. My parents sent me to stay with you. Mtonyama welcomed the young girl. He and his family were very kind to the imbulu. But poor Nonkungu had to sleep in the kraal and share the dogs food.","Imbulu alimwambia Mtonyama, “Mimi ni mpwa wako, Nonkungu. Wazazi wamenituma niishi nawe. Walimfurahia sana huku Nonkungu akilala nje.","Koruoo Eimbulu eria ekagenda nyomba mwa Isemoke Mtonyama nakomotebia, “Ninche moigwa oo, Nokungu. Abaobori bane nigo bantoma komenya naye.” Mtonyama akaarigania omoiseke oria nyomba. Ere nenka yaye bakaba abororo ase eimbulu eria. Rakini Nokungu akarara",Literature
"During the day Nonkungu went to the fields, hid in the corn, and sang: Oh misery me, misery me. I was sent by my father and mother to stay with my Uncle Mtonyama. On the way I met an imbulu and she took my skirt and my beads. Oh misery me, misery me.","Nonkungu aliimba: Matatizo matatizo! Wazazi walinituma, Kwa mjomba Mtonyama, Kakutana na imbulu, Nguo zangu kachukua, Matatizo matatizo!","Mambia yaye Nokungu akagenda mogondo, akebisa ase chibando ime nagotera: “Gaki nche nachandekire, nachandkire. Ingatomwa na tata na mama ominto Kogenda komenya na tata moke Mtonyama. Nchera ginkogenda nkaumera Eimbulu akaira esikati yane",Literature
"One day, one of Mtonyamas brothers was walking in the fields. He heard the strange and beautiful song. He didnt know who was singing, but when he got home, he told Mtonyama the words. Mtonyama went into the fields. He heard the song, and looked until he found Nonkungu.",Nduguye Mtonyama alitembea shambani na kusikia wimbo mtamu. Alirudi nyumbani akamweleza Mtonyama. Mtonyama alienda kuusikiliza akamwona Nonkungu.,"Rituko erimo, oyomo bw’abamura bamwabo Mtonyama ngoeta arenge getii ekero aigwete eriogi riria riogotera koria okuya. Tamanyete ase ogetora kwarenge korwa korwa, gotatiga ekero aigete nka agatebia Mtonyama amang’ana aria. Abwo abwo, Mtonyama akagenda mogondo. Akaigwa ogotera koria",Literature
"Nonkungu told him what had happened, how the imbulu had taken her beautiful clothes. Mtonyama took her back to his place and hid her in a hut. Mtonyama knew what he was going to do to catch the imbulu.",Nonkungu alimweleza jinsi alivyodanganywa na Imbulu. Mtonyama alimpeleka nyumbani akapanga kumwadhibu Imbulu.,"Nokungu akamotebia bionsi biria biakorekanete, buna eimbulu eria yairete eyanga yaye engiya, nakomotebia abeke amachanchabe. Mtonnyama akamoira ase enka yaye akamobisa ase enyomba yende eng’ao. Mtonyama akamanya buna arenge gochia gokora erinde atege",Literature
Mtonyama had heard that an imbulus tail loves milk and that it cant go past milk without drinking some. So he told his men to dig a deep ditch and to fill the ditch with sour milk. Then he called all the girls of the village to take part in a jumping competition.,Mtonyama alisikia kwamba mkia wa Imbulu ulipenda kunywa maziwa. Wafanyi kazi wake walichimba shimo wakalijaza maziwa. Wasichana wote kijijini walishindana kuruka.,Mtonyama konyora oigure buna ekemincha k’ieimbulu nigo gianchete amabere naende tikegoetania mabere getaranywa nonya namake igo. Igo agatebia abamura baye bareme engoro nakoyeichoria n’amabere amaruranu. Erinde akabarangeria abaiseke bonsi bekenyoro basindane,Literature
The imbulu was worried. She did not want to jump over the ditch. She knew that her tail would be thirsty for the sour milk. So she went into a hut and tied her tail to her body as tightly as she could. Then she took her place with the other girls.,Imbulu alikuwa na hofu. Alijua mkia wake ungetamani maziwa. Aliufunga mkia na kuukazia kwenye mwili wake.,Omoiseke oria obegete eyanga eria ya Nokungu namaritati amo n’erindere riaye akaoboa sana. Tatagete gocharoka igoro yengoro eria yabwate amabere. Namanyete buna ekemincha kiaye korang’a kiarenge okoba y’amabere aria. Igo akagenda enyomba gete agasiba ekemincha keria ase,Literature
"One girl after another jumped over the ditch. At last it was the imbulus turn. She tried to jump high over the ditch, but her tail broke loose. The imbulus tail pulled her down, down, down into the sour milk.","Ilipokuwa zamu ya Imbulu kuruka, mkia wake ulifunguka ukamvuta chini, chini, chini kwenye shimo la maziwa.","Omoiseke oyomo korwa ase oyonde bagachaka gocharoka igoro yengoro eria. Omoerio egeika engaki y’eimbulu eria gocharoka. Agatema gocharoka igoro kabisa yengoro eria, gotatiga ekemincha keria kiaye kegasiboka nakomongusa nse, nse kabisa baka ase amabere aria",Literature
"As the imbulu struggled in the sour milk, the men quickly filled the ditch with sand and buried her. That was the end of the imbulu. Nonkungu stayed happily with her uncle for a long, long time. And that is the end of the story.","Imbulu alipokuwa akitapatapa ndani ya maziwa, wanaume waliliziba lile shimo na kumzika. Nonkungu aliishi na mjombake kwa furaha kwa miaka mingi. Na huo ndio mwisho wa hadithi.","Buna riria eimbuluu eria egendererete kwerania ase amabere aria, abamura baria bagakuneka engoro eria nakomokunekeria. Noyio noro orenge omoerio bw’eimbulu eria. Nokungu akamenya nomogoko na ise moke ase engaki etambe mono. Noyio noro omoerio",Literature
"Shhhu! says Grandmother. Its so hot! And this pot is so heavy. Lets sit in the shade of the tree and rest a bit. She wipes the sweat from her face and makes herself comfortable among the arms of the roots. Selma stands with her hand on the smooth skin of the baobab while her brother, Toivo, walks round the trunk to see how wide it is. This tree is very old, isnt it, Grandmother? Yes, Selma, it is. But it is not as old, or as big as the tree at the village of Ombalantu! Ombalantu? The village near here? asks Selma. Please tell us about the tree there, begs Toivo. Then sit and listen, says Grandmother and she begins her story.","Shhhu! Nyanya alisema. “Kuna joto kali. Na chungu hiki ni kizito sana. Ebu tupumzike kidogo chini ya kivuli cha mti.” Alijipangusa jasho usoni huku akijiegemeza kwenye mbavu za mizizi ya mti. Selma naye alisimama huku kashika kiuno chororo cha mbuyu kwa mkono mmoja. Naye ndugu yake, Toivo, aliuzungukazunguka ule mbuyu akiangalia ukubwa wake. “Nyanya, mbuyu huyu ni mzee sana, sivyo?” “Ndiyo, Selma. Lakini sio mzee au mkubwa zaidi ya mbuyu ulio katika kijiji cha Ombalantu! Ombalantu? Kijiji hicho ki karibu? Selma aliuliza. “Tafadhali tueleze kuhusu mti huo, Toivo alisema. “Basi keti usikilize, nyanya alisema huku akianza kuhadithia.","“Shhhu!” Magokoro agatotebia. “Riberera riaichore! N’enyongo eye yaritoire mono. Toikaranse ango nse yomote oyo totimoke ake.” Agetinyia ebigeri korwa obosio bwaye na goikaransa buya gatigati yemeri yomote oria. Selma agatanena namaboko aye kare ase risankwa riomote oria namomura omwabo, Taiyo, kagotara goetanana omote oria korora obonene baye. Omote oyo nigo ore omogotu sana, tari bo, magokoro?” “Ee Salma, omote oyo nomogotu ore. Gotatiga tori mogotu mono igo gose omonene igo buna omote ore sobo Ombalantu! Ombalantu? Ekenyoro keria kere ang’e aiga?” Salema akaboria. Gaki totebie igoro yomote oria bwororo,” Taiyo akamwebereria. “Ikaransa bono nse naende motegerere bono mbatebie“Magokoro agateba kagochaka omogano.",Literature
"There was once a girl called Thaimi who lived in the village of Ombalantu. One day she went with her brother, Angula, to fetch water. While Thaimi was filling her pot Angula saw a hare. He ran after it. He ran and ran and ran - but do you think he could catch that hare? He could not. The hare was too quick for him. Thaimis pot was full and she was ready to go home. She looked around but she could not see Angula. She did not know where he had gone. But, she did know that she couldnt go home without her little brother. So she set out to look for him. She walked and she walked and she walked. At last she found him lying in the grass behind a large anthill. As she came close he held his finger to his lips. Why did he want her to be quiet? Close by a group of strange men were resting. The men had bows and arrows...and spears! Thaimi could hear their voices. Angula, she whispered, after she had listened for a bit. Those men are raiders. They have come to steal our cattle and burn our village. Come quickly. We must run home and warn the village. So very quietly Thaimi and Angula crept away from that place. And ran towards their village.","Katika kijiji cha Ombalantu paliishi msichana aliyeitwa Thaimi. Siku moja, yeye na ndugu yake aliyeitwa Angula, walienda kuchota maji. Thaimi alipokuwa akijaza chungu chake Angula aliona sungura. Alimkimbiza, lakini unadhani angeweza kumshika huyo sungura? Sungura alikuwa na mbio kumshinda. Chungu cha Thaimi kilijaa maji. Sasa alikuwa tayari kwenda nyumbani. Aliangalia kila upande akamkosa Angula. Hakujua alikokwenda. Lakini aljiua kwamba hangeenda nyumbani bila ndugu yake mdogo. Aliangalia kila mahali lakini hakumwona. Kwa hivyo, alianza kazi ya kumtafuta. Alitembea lakini hakumpata. Lakini hatimaye alimpata akilala kwenye nyasi nyuma ya kichuguu kikubwa. Alipokuwa anamkaribia Thaimi alimwashiria kwamba anyamaze. Mbona anyamaze? Hapo karibu, kulikuwa na kundi la vijana waliokuwa wakipumzika. Walibeba mishale na nyuta... na mikuki! Thaimi aliweza kusikia sauti zao. Angula, Thaimi alimwita kwa sauti ya chini. “Wanaume hao ni wezi wa mifugo. Wamekuja kuiba ngombe wetu na kuchoma nyumba zetu. Njoo haraka. Lazima tukimbie nyumbani 3 waliondoka polepole kutoka tukawatahadharishe wanakijiji.” Basi","Omosubati oyomo narengeoo orenge korokwa Thaimi omenyete ekenyoro kia’ombalantu. Rituko erimo akagenda namomura omwabo, Angula kobucha amache. Ekero riria Thaimi arenge goichoria amache ase enyongo yaye Angula akarora egesusu. Agakeminyokia. Akaminyoka, akaminyoka nakominyoka – korende orengerereti nkobwata arenge egesusu keria? Egesusu keria nigo kiarenge nechimbero komobua. Enyongo eria ya Thaimi egaichora nere akaba tayare koirana nka. Akarigereria kera ase korende tarochi Angula. Tamanyete ase achiete. Korende namanyete buya buna tabwenerete kogenda nka batari namomura omwabo omoke. Igo agatora enyongo eria akagenda komorigia naende. Agatara, agatara naende agatara. Omoerio akamorora karaire obonyansi ime magega y’ekegege. Kagendererete gocha ang’e akamoorokia nekiara ase ebikoba biaye buna akire. Ninki gose atakerete akire? Ang’e nabarabu egekundi ki’abasacha bande mbarengeoo batimogete. Abasacha baria nigo babwate obota nenchinsara...na amatimo! Thaimi nabo arenge koigwa buna barenge kogamba. “Angula,” akamonya, magega yokoigwa ake igo igoro yabo. “Abamura baria nabaibi. Bachire koiba chiombe chiato nagosamba",Literature
"When they were near their village they met their uncle. He was taking his cow to the water. Thaimi called out, Run, uncle, run! Men are coming to steal our cattle and burn our village. The man shouted at his cow and made her run towards the village. Further on Thaimi saw her aunt working in the field and she called out, Run, aunt, run! Men are coming to steal our cattle and burn our village! And the woman took her hoe, picked up her sleeping baby and ran towards the village. Further on Thaimi saw her grandfather. He was limping along the road beside a donkey loaded with grain. And she called out, Run, Grandfather, run! Men are coming to steal our cattle and burn our village! Her grandfather lifted his stick and chased the donkey until it ran towards the village.","Walipokaribia kijijini walikutana na mjomba wao. Alikuwa akienda kunywesha ngombe maji mtoni. Thaimi alimwita kwa sauti, “Mjomba, kimbia, kimbia! Kuna wanaume wanaokuja kuiba ngombe na kutuchomea nyumba.” Mjomba alimrudisha ngombe kijijini. Na kwa mbali, Thaimi alimwona Shangazi shambani akilima akamwita, “Shangazi, kimbia, kimbia!” Wanume wanakuja kuiba ngombe wetu na kuchoma nyumba zetu!” Shangazi alichukua jembe lake, akamchukuwa mtoto aliyekuwa akilala na kisha akatoroka kurudi kijijini. Kisha Thaimi akamwona babu yake. Alikuwa akichechemea kandokando mwa barabara akimbebesha punda nafaka. Akamwita kwa sauti, “ Babu, kimbia, kimbia, wanaume wanakuja kuiba ngombe wetu na kuchoma nyumba zetu.” Babu alipiga punda akaenda mbio kuelekea kijijini.","Kobagochia goika nka sobo, bakaumerana na isemoke. Nigo arenge koira eng’ombe yaye echi konywa amache. Thaimi akamorangeria. “Minyoka tata moke minyoka! Abanto bande mbare bagocha koiba chiombe chiato nagosamba chinyomba.” Isemoke agaonchora eng’ombe eria nakoyetema gochia nka. Egeka ake korua ase barenge, Thaimi akarora ng’ina moke kagokora egasi mogondo nakomorangeria: Minyoka mama minyoka! Abanto bande mbare bagocha koiba chiombe chiato nagosamba chinyomba.” Na ng’ina moke akabogoria obokombe bwaye amo n’omwana oraire akaminyoka gochia nka. Egeka ake korua ase barenge, Thaimi akarora isekoro kagosogora para kare n’ebunda yabogoretie endagera konyora bagesire. Akamorangeria: Minyoka sokoro minyoka! Abanto bande mbare bagocha koiba chiombe chiato nagosamba chinyomba. Isekoro akabogoria ebagwacho yaye nagosenda ebunda eria kominyoka gochia nka.",Literature
"And so Thaimi and her brother reached the village. And she called out to everyone, Run, run. Men are coming to steal our cattle and burn our village! The villagers were scared. They ran backwards and forwards like ants when a heap is trodden on by a cow. They did not know where to hide or what to do. Where could they hide their cattle? Where could they hide their grain? Where could they hide themselves? Thaimi was very frightened. Then she remembered something. She remembered the place where she and Angula sometimes went to play. A safe place. A secret place.","Basi Thaimi na ndugu yake wakafika kijijini. Akawaita watu wote kwa sauti, “Kimbieni, kimbieni. Kuna wanaume wanaokuja kuiba ngombe wetu na kuchoma nyumba zetu!” Wanakijiji wakahofu sana. Wakakimbia hapa na pale kwa kuchanganyikiwa kama kundi la mchwa lililokanyagwa na ngombe. Hawakujua mahali pa kujificha wala hawakujua la kufanya. Wangeficha ngombe wao wapi? Wangeficha nafaka zao wapi? Wangejificha wapi? Thaimi aliogopa sana. Akakumbuka kitu. Alikumbuka mahali ambapo yeye na Angula walipokwenda kucheza wakati mwingine. Mahali salama. Mahali pa siri.","Na igo thaimi na momura omwabo bagaika nka sobo. Thaimi akarangeria kera omonto, “Minyoka, minyoka. Abanto ngocha bare koiba chiombe na gosamba ekenyoro giato!” Ekenyoro ekegima gekaoboa. Bakaminyoka bosio na magega buna amage ekero ekegege giatachirwe n’echiombe. Tibamanyete ase bakwebisa gose ekibagokora. Ng’ai barenge gochia kobisa chiombe? Ng’ai barenge gochia kobisa Chibando? Ng’ai barenge gochia kwebisa barabu abanyene? Thaimi akaoboa mono. Koruoo akainyora egento gete. Akainyora ase ere na Angula bagachiesire na kwebisa. Ase agaya. Ase atamanyire nonde.",Literature
"I have a place! she cried. I know a place where we will all be safe! But the villagers could not hear her. They were making too much noise. How could she make the villagers listen to her? What do you think Thaimi did? She picked up a drum and began to hit it as hard as she could. Bam Bam Bam Boom Boom Boom. All the villagers stopped. Thaimi called out, I have a place to hide. Follow me. She took Angula by the arm. Come, well take everyone to our tree. We will all be safe there! Her brother shook his head. No, Thaimi. That is our secret. You said we must never tell anyone. Yes, she said. It was a secret. But now we are all in danger. Thaimi and Angula led the way to a baobab tree which stood nearby. Nobody could understand why.","“Ninajua mahali!” Akasema kwa sauti. “Ninajua mahali ambapo sote tunaweza kujificha.” Lakini wanakijiji hawakumsikiliza. Walikuwa wakipiga kelele sana. Sasa angefanya nini ili wamsikilize? Unadhani Thaimi alifanya nini? Alichukua ngoma na kuipiga kwa nguvu kabisa. Bam! Bam! Bam! Boom! Boom! Boom! Wanakijiji wote walitulia. Thaimi akawaambia kwa sauti, “Ninajua mahali pa kujificha. Nifuateni.” Alimshika Angula mkono wakondoka.","“Nimbwate ase!”Agakuura. Nimanyete ase torabe nomorembe!” Gotatiga banyakenyoro tibachieti komotegerea. Bakabeka eriogi rinyinge. Naki arenge gokora baka abanto bekenyoro bamoigwe? Ninki okorengereria Thaimi akorete? Akabogoria ekonu nagochaka koyekong’onta mono buna arenge konyara. Mbam mbam mbam mbum mbum mbum! Bam Bam Bam Boom Boom Boom Abanyakenyoro bagaterera. Thaimi akarangeria naende, “Nimbwate ase yokwebisa. imbwatie!.” Akabwata Angula okoboko.",Literature
"Why have you brought us here? We cannot hide here, they said. Then Thaimi said to her father, Come. Ill show you. They climbed to the top of the tree. There was a small opening. Thaimi and her father slid down into the big trunk. It was hollow. It was huge. But all the people cant come in through such a small hole, said her father. No, said Thaimi. Bring axes and we will make an opening in the trunk. And that is what they did. They cut an opening in the side of the tree. Some villagers collected the grain and the pots. Others collected the goats, the sheep and the cattle. They all made their way through the opening into the great hollow inside the baobab tree. And the strange thing was that there was room for everyone.","“Njoo, tutawapeleka wanakijiji kwenye mti wetu. Sote tutakuwa salama huko. Ndugu yake alitikisa kichwa. “Hapana, Thaimi. Mahali hapo ni siri yetu. Ulisema tusimwambie mtu yeyote. “Ndio, Thaimi akasema. Ilikuwa siri. Lakini sasa sote tuko katika hali ya hatari. Thaimi na Angula waliwaongoza wanakijiji kwenye njia iliyoelekea kwa mbuyu ulokuwa karibu. Hakuna aliyeelewa sababu. “Kwa nini unatuleta hapa? Hatuwezi kujificha hapa.” Walisema. Kisha Thaimi akamwita babake, “Njoo, nitakuonyesha.” walipanda juu ya mti. Kulikuwa na shimo dogo. Thaimi na babake waliingia ndani kisha wakashuka chini ndani kwa ndani. Pale chini kulikuwa na uwazi mkubwa. “Lakini watu wote hawawezi kuingilia kwenye shimo dogo pale juu,” babake alisema. Hapana,” Thaimi alisema. “Tutaleta shoka tutengenze mlango wa kuinglia hapa kwenye shina.” Na hivyo ndivyo walivyofanya. Walitengeneza kiingilio shinani mwa mti.","“Inchwo togende twensi baka ase omote!” momura omwabo agasungusia omotwe. “Yaya Thaimi. Obwo nobobisi bwaito. Ntobwenereti gotebia onde.” “Ee,” Thaimi agateba. “Nigo yarenge obobisi. Gotatiga bono nigo tore nobokongu.” Taimi na Angula bakaraa abanto bonsi gochia ase omogumo orenge ang’e. Onde taiyo ase abanyakenyoro omanyete nase ki. Ninki gwatoretera igaa? Titokonyara kwebisa igaa,” bagateba. Koruo thaimi agatebia ise, “Ninchwo inkoorokie.” Bakarina omogumo oria igoro. Engoro enke nere yarengeoo. Thaimi na ise bagatereria goetera ase engoro eria na gosoa ime yomote oria omonene. Nigo obwate ribaga ime yaye riarenge rinene. “Rakini abanto bonsi tibakonyara gosoa ime igaagoetera engoro eria ensiniini.” ise agateba. “Yaya,” thaimi agateba. “intango egesire torosie egesoero ase omote oyo.” Bagakora igo. Bakarosia egesoero ensemo eyemo yomote oria. Abanto bake bakabogoria endagera nechinyongo. Abande bakareta chimbori, ching’ondi nechiombe. Bonsi",Literature
"The sun went down. It grew dark and the night was quiet and cold. The raiders crept up towards the village. It was dark. Everyone must be asleep, they said. Inside the great tree the villagers waited. What was going to happen? They were cold. They were hungry. And they were afraid. Then Thaimi said, Its cold. Lets make a fire. And she took two stones and struck them together. The sparks caught the grass and small flames flared. Soon a bright warm fire was burning.","Wakati jua lilipotua na giza kutanda, kijiji kizima kilitulia tuli! Ulikuwa usiku wenye baridi. Wale wahalifu walitembea kuelekea kijijini taratibu. “Ni lazima wanakijiji wamelala sasa,” wahalifu waliambiana. Nao wanakijiji walingoja ndani ya mti. Nini kingetokea? Walihisi baridi. Walihisi njaa. Na waliogopa. Basi Thaimi akasema, “Kuna baridi sana. Tuwashe moto.” Akachukua mawe mawili akayachua, moja juu ya jingine kwa harakaharaka. Baada ya muda mfupi cheche za moto zikashika kwenye nyasi. Kisha moto mkubwa ukawaka wakaanza kuota.","Omogaso okarimera nse. Gokaba egesunte n’obotuko bogakira kiri naboigo gokenda kabisa. Abaibi baria bagechobanesi gochia ekenyoro keria egesunte ime. Kera omonto goika araire chinsa echi,” bagatebania. Ime yomote oria abanyakenyoro bonsi bagategesia na koganya. Ninki gose kiarenge gochia gokorekana? Bakaigwa embeo. Enchara ekabaria. Naboigo bakaoboa sana. Ake igo Thaimi agateba, “Embeo yaichoire mono. Toute omorero.” Akabogoria amagena abere nakoyakong’ontania amo. Chinsase chigaokia obonyansi nomoreero mokeigo ogoka. Ng’ora ng’oora omorero omorabu bweriberera ogoka.",Literature
"Outside the raiders crept closer and closer. Then suddenly one of them gave a cry and pointed to the tree. Light flamed from the tree. Fiery eyes shone from the trunk. Bright tongues licked the branches. Smoke curled into the sky. Its a great spirit! they cried in fear. First one raider turned and ran. Then another, and another. Until they had all run away. The people of the village of Ombalantu were saved.","Nje, wavamizi walizidi kukaribia. Ghafula, mmoja wao alipiga mayowe akionyesha mti. Ndimi za moto zilitoka mtini. Macho makali yaliangaza kutoka mbuyuni. Moshi ulipaa angani. Ni jinamizi kubwa! walilia kwa woga. Kwanza mvamizi mmoja aligeuka na kukimbia. Kisha mwengine, na mwengine. Hadi wote wakaenda zao. Watu wa kijiji cha Ombalantu wakaokolewa.",Isiko abaibi baria bakanyagosuka ang’e nekenyoro. Oyomo obo agakura nakoraga omote oria. Omorero orenge gwoka ase omote oria. N’amaiso amotogoro arenge kororekana korwa ase omote nyene. Chimeme chiarabete se chiarenge komena amato. N’erioki rikonya kweringania gochia ase rire igoro. “Amaa bono oria nomoika omobe omonene bwekerage!” bagakura nobwoba. Ritang’ani kabisa omoibi oyomo agaonchoka agatama. Koruoo oyonde – naende oyonde. Omoerio bonsi bagatama. Abanto b’ekenyoro keria Ki’Ombalantu bagakonywa igo.,Literature
"Grandmother is silent. Selma touches the smooth skin of the baobab. So it was the tree that saved them all, she says.","Nyanya akanyamaza. Wakati huu wote Selma alikuwa anashikilia shina la mbuyu. “Kwa hivyo, ni mti huo uliowaokoa wanakijiji.” Nyanya akamaliza hadithi.","Magokoro agakira. Selma agakuna risankwa ri’Omokomoni oria . “Igo yaani nomote oria obakonyete,“ agateba.",Literature
Last week I received a lot of letters.,Wiki iliyopita nilipokea barua nyingi.,Ewiki eria yaeta inanyora amarube amange mono.,Literature
On Monday my doctor wrote a letter to my teacher.,Siku ya Jumatatu daktari alimwandikia mwalimu wangu barua.,Rituko ri’etichi rimo omonyagitari one nandikerete rirube gochia ase omwalimu one.,Literature
Thabisile is sick. She must stay at home.,Thabisile ni mgonjwa. Ni lazima akae nyumbani.,Thabisile nomorwaire. Goika atigare nka.,Literature
On Tuesday I got a letter from my class.,Siku ya Jumanne nilipokea barua kutoka kwa wanafunzi wa darasa langu.,Etichi kabere inkanyora rirube korwa ase abana b’ekelasi kiane.,Literature
Get well soon Thabisile!,"Thabisile, tunakutakia nafuu haraka!","Bwena bwango, Thabisile!",Literature
On Wednesday I got a letter from my best friend.,Siku ya Jumatano nilipokea barua kutoka kwa rafiki yangu.,Etichi gatato inkanyora rirube korwa ase omosani one.,Literature
I drew this picture for you. Love from Dudu.,"Nimekuchorea picha hii. Nakupenda sana, Kutoka kwa Dudu.",Nigo nachorete ebicha eye okoba aye. Ninche omwanchwa Dudu.,Literature
On Thursday I got a letter from my mother.,Siku ya Alhamisi nilipokea barua kutoka kwa mamangu.,Etichi kane inkanyora rirube korwa ase mama ominto.,Literature
It was a very hot Saturday afternoon in December.,"Ilikuwa Jumamosi moja iliyokuwa na joto jingi sana katika mwezi wa Desemba. Kila mtu alikuwa amenuna. “Bontle na Mpho na Lerato, nendeni nje mcheze!” Mama alitwambia. “Siwataki miguuni mwangu.”","Nigo riberera riarenge igoro sana omokubio oyomo omotienyi oikomi nakabere Kera omonto nigo arenge konya kwemurungania. Bontle na Mpho na Lerato, soka isiko mochiese Mme agatotebia. Timbatageti igaa ase amagoro ane.",Literature
"Bontle and Mpho and Lerato, go out and play! Mme said to us. I dont want you under my feet. We ran out of the house.","Tulikimbia nje ya nyumba. “Twendeni mtoni,” Lerato alisema. “Huko ni baridi.” “Lakini mama alitukataza kuogelea mtoni,” alisema Bontle. “Hatutaogelea,” alijibu Lerato. “Tutachezea tu kwenye kivuli karibu na maji,”","Togatama isiko korwa nyomba. Togende roche Lerato agateba. aroro ense nekendete ake Aba rende Nme konyora otokanirie titobaisa goaka ontimbu roche, Bontle agatoinyoria. Ntori gochia goaka ontimbu, Lerato akairaneria. Nigo tu togochia gochiesa ase ekeiriri ange namache.",Literature
"Lets go to the river, Lerato said. Its cooler there. But Mme told us not to swim in the river, said Bontle. We wont swim, answered Lerato. Well just play in the shade next to the water.",Lakini kucheza kati ni kazi ya joto hata kama uko chini ya miti karibu na mto. Kwanza tulivua viatu vyetu. Lakini tulikuwa bado tunahisi joto. Kisha tulivua sketi zetu na mashati. Lakini tulikuwa bado tunahisi joto.,"Gotatiga rende gose omanyete gochiese omochieso oria okorokwa libeke nigo obwate riberera rinyinge sana, nonya nekero ore nse yemete ange naroche. Ritangani kabisa tokarusia ebikoroto. Nonya nigo tokagenderera koigwa riberera. Koruoo tokarusia chisati nechisikati. Rakini tokagenderera koigwa riberera.",Literature
"But playing libeke is hot work, even when youre under the trees next to the river. First we took off our shoes. But we were still hot. Then we took off our shirts and skirts. But we were still hot.",Tuliweka miguu yetu ndani ya mto kuifanya iwe baridi. Kisha tulirushiana maji. Punde kidogo tulikuwa tumeloa maji.,Tokabeka amagoro aito roche gwekendia. Koruoo togesiarera amache mobere. Ake ake tokanyia namache emebere yonsi.,Literature
We put our feet in the river to cool off. Then we splashed each other. Soon we were soaked with water.,"“Ah njoo! Hebu tuogelee,” alisema Mpho. “Mama hatawahi jua. Tuliogelea kwa muda mrefu na kusahau kuwa saa zilikuwa zikiendelea.","Obe gaki! Tiga toake ontimbu, Mpho agateba. Nme takomanya. Togaaka ontimbu naende togaaka baka tokeba chinsa.",Literature
"Oh come on! Lets swim, said Mpho. Mme will never know. We swam and swam and forgot about the time.","Jua lilianza kutua, na tulihisi baridi. Lakini je, nguo zetu zilikuwa wapi?","Omogso ogachaka korimera nse, tokaigwa obokendu. Ngai chiyanga chiato chire?",Literature
"The sun started to go down, and the day began to cool. Where were our clothes?",Tuliangalia chini ya miti. Tuliangalia juu ya vichaka. Tuliangalia kila mahali.,Togachirigia nse yemete. Tokarigia ime yobonyansi. Tokarigia kera ase.,Literature
We looked under the trees. We looked on the bushes. We looked everywhere.,"Ngombe walikuwa wakifurahia nyasi tamu karibu na mto. Bontle aliangalia juu, “Ona yule ngombe! Nini kilicho mdomoni mwake?” “Anakula ua jekundu,” Lerato alisema.","Chiombe inchiarenge ange naroche, chiarenge korisia obonyansi bogwansa. Bontle gochia korigereria igoro, Imaria, rigereria engombe eria! Ninki keria kere monwa?",Literature
"There were some cows near the river, enjoying the sweet grass. Bontle looked up, Look at that cow! Whats in her mouth? Shes eating a red flower, said Lerato. Its not a red flower, shouted Mpho. Its your shirt!","“Sio ua jekundu,” Mpho alipiga kelele. “Ni shati lako!” Tulimwangalia ngombe mwingine. Alikuwa anakula kitu cha kisamwati. “Hiyo ni sketi yangu!” alipiga kelele Bontle.","Nigo egatakuna rioga ribariri: Lerato akairaneria. Riria tari ioga ibariri, Mpho agatwora. Eria neshati yao Tokarigereria engombe yende. Nigo yarenge gotakuna egento kende kere buruu. Eria nesikati yane, Bontle agakuura.",Literature
We looked at another cow who was chewing something blue. Thats my skirt! shouted Bontle.,"Tulienda nyumbani tukiwa tumevaa tu suruali zetu tukitetemeka. Lakini sio tu kwa ajili ya baridi. “Walikuwa ngombe,” tulilia. “Ngombe walikula nguo zetu.” Lakini Mme alituamini? Punde kidogo matako yetu yalikuwa na joto sana. Lakini sio kwa ajili ya jua.","Tokairana inka tore nechisuruari chioka, naende togotengechiwa. Aba rende tari rioka okoba ense yarenge enkendu. Rakini okoba ya keria giatoganyete inka. Nechiombe, tokarera. Chiombe chiaria chiyanga chiato Gotatiga orengereretia Mme natwegenete? Ake igo chinyonga chiato chikaba neriberera cikabarira. Naende bono ekaba tari korwa ase omogaso bwoka.",Literature
"Once upon a time there was a female giant. As she was walking near the lake one day, she found three little girls. She asked them, Who among you is loved by both parents?","Hapo zamani za kale paliondokea jitu la kike. Lilipokuwa likitembea kandokando mwa ziwa liliwaona wasichana watatu. Likawauliza, “Ni nani kati yenu anayependwa na wazazi wote wawili?”","Kare kare richini rikungu ndiarenge ororo. Korigotara rikanyora abaiseke abake nchera. Rikababoria, “Ning’o gati yaino bwanchire na’baibori baye bonsi?”",Literature
"One of the girls said, My mother loves me most. Another said, My father loves me most. But the third one said, I am loved by both parents.","Msichana wa kwanza akasema, “Mamangu hunipenda zaidi.” Mwingine akasema, “Babangu hunipenda zaidi.” Lakini wa tatu akasema, “Ninapendwa na wazazi wote sawa.”","Omoiseke oyomo agateba, “Mama ominto nigo ang’anchete mono,” n’oyonde agateba, “Tata ominto nigo ang’anchete mono” noyonde nere agateba, “Ning’anchire nabaibori bane bonsi.”",Literature
The giant then asked the girl loved by both parents to help her put a load of firewood on her back. So the girl followed the giant.,"Kisha jitu likamwambia msichana anayependwa na wazazi wote alifuate akalisaidie kuinua tita la kuni mgongoni. Kwa hivyo, msichana huyo alilifuata jitu.",Richini riria koruoo rikaboria omoiseke oria bwanchire n’abaibori baye bonsi amokonye komotweka chinko mogongo oye. Omoiseke oria akabwatia richini riria.,Literature
"After going for some distance, the girl asked the giant, Where is your firewood? The giant replied, It is near those trees over there!","Baada ya kutembea kidogo, msichana akaliuliza jitu, “Wapi kuni zako?” Jitu likajibu, “Ziko karibu na ile miti, pale!”","Ekero bagendete ase engaki entambe, omoiseke oria akaboria richini riria, “Ing’ai chinko chire?” Richini riria rikamoiraneria, “Nigaria ang’e n’emete eria!”",Literature
"When they reached the trees, the girl asked again, Where is your firewood? The giant answered, Not far now!","Walipofika kwenye miti hiyo, msichana akauliza jitu tena, “Wapi kuni zako?” Jitu likajibu, “Haziko mbali sasa.”","Ekero baigete ase emete eria, omoiseke oria akariboria naende, “Ing’ai chinko chiao chire?” Richini riria riakamoiraneria, “Tari are korwa igaa!”",Literature
"They walked on and met a man. He asked the giant, What is the name of your child? The giant replied, She is called the talking bag.","Waliendelea kutembea. Wakakutana na mwanamume. Mwanamume akaliuliza jitu, “Huyu mtoto wako anaitwaje?” Jitu likajibu, “Anaitwa Mfuko Uzunguzao.”","Kobagendererete kogenda, bakaumerana n’omosacha oyomo. Omosacha oria akaboria richini riria ng’a, “Inaki omwana oyo oo akorokwa?” Richini riria rikamoiraneria buna, “nigo akorokwa ‘Omobuko ogokwana.”",Literature
"The girl burst out singing: I am not called the talking bag. My name is Kaamungei! Oh! My mother, whom I love, Oh! My father, whom I love, Oh! My calabash, which I use to drink milk!","Msichana akaanza kuimba kwa sauti, Mimi kamwe si mfuko, Mifuko haiongei, Naitwa Kaamungei, Lo! Mama nimpendaye, Lo! Baba nimpendaye, Kata nanywea maziwa.",The girl burst out singing: Tindi korokwa omobuko ogokwana; Erieta riane no’Kaamungei Obe! Mama ominto oria inyan inyanchete. Obe! Tata oria inyanchete. Obe! gaki egesanda keria kiane inkonywera amabere!,Literature
"When the man heard what the girl sang, he rescued her and took her back to her parents. The story ends there!",Mwanamume huyo aliposikia wimbo wa msichana alimnusuru kutoka kwa jitu na kumrudisha kwa wazazi wake. Hadithi inaishia hapo!,"Ekero omosacha oria aigwete amang’ana y’ogotera koria, akamotoria nakomoirania ase abaibori baye. Noo omogano one oererete abwo!",Literature
"Once upon a time, there lived a happy family.","Hapo zamani za kale, paliishi familia yenye furaha.",Abwo kare efamili yarengoo yamenyete nomogoko sana.,Literature
They never fought with each other. They helped their parents at home and in the fields.,Hawakugombana hata kidogo. Watoto waliwasaidia wazazi nyumbani na shambani.,Tibarenge korwana nonde bwensi. Nigo barenge gokonya abaibori babo nka sobo amo nase emegondo.,Literature
But they were not allowed to go near a fire.,"Lakini, walikatazwa kwenda karibu na moto.",Rakini mbaganeirie kogenda ang’e nomorero.,Literature
They had to do all their work during the night. Because they were made of wax!,Walifanya kazi zao zote usiku. Hii ni kwa sababu walikuwa wameumbwa kwa nta.,Nigo baganeirie gokora chigasi chiabo botuko rioka. Ekiagera nigo barosirie namana!,Literature
But one of the boys longed to go out in the sunlight.,"Lakini, kijana mmoja alitamani kwenda nje wakati wa mchana.",Rakini oyomo bwa’bamura nigo aganetie sana kogenda ase omogaso.,Literature
One day the longing was too strong. His brothers warned him...,"Siku moja tamaa ya kwenda nje ikazidi. Wenzake wakamwonya asiende juani. Lakini, hakusikia.",Rituko erimo okagania kwaye gokaba okonene. Bamura bamwabo bagachi komoonya ...,Literature
But it was too late! He melted in the hot sun.,Aliyeyuka kwa sababu joto lilikuwa kali.,"Rakini tibanyareti, bagaika gochererwa! Akabera akaera ase omogaso omororo.",Literature
The wax children were so sad to see their brother melting away.,Watoto wa nta walihuzunika walipoona kaka yao akiyeyuka.,Abana baria ba amana bakaigwa bobe korora oyomwabo gakobera nakoera igo.,Literature
But they made a plan. They shaped the lump of melted wax into a bird.,Wakapanga jambo fulani. Walichukua nta iliyoyeyuka wakatengeza ndege.,Nonya nigo begekong’ia bakarosia omoreberio. Bakarenta amana aria aberete bayarosia akaba enyoni.,Literature
They took their bird brother up to a high mountain.,Wakamweka ndege huyo juu ya mlima mrefu.,Bakaira enyoni eri yarenge momura omwabo baka ase egetunwa ekenene.,Literature
"And as the sun rose, he flew away singing into the morning light.","Jua lilipochomoza asubuhi, akapeperuka akiimba kwa furaha.","Nomogaso buna okiamogete, ekairuruka gekonyagotera na gosirera ime yoborabu boria bwomogaso omambia.",Literature
"For ages, Olokwango hill stood smiling at the middle of Kwere plains. From the two dimples on its side came springs which converged downhill to form a river. River Temu meandered silently across the Kwere plains. Its waters were a gift to the sheep and goats of the area as well as the deer that dwelt in the plains.","Kwa muda mrefu mlima wa Olokwango ulisimama ukitabasamu katikati ya sehemu Tambarare ya Kwere. Kutoka kwa vibonyeo viwili vilivyokuwa pembeni mwa mlima huo, kulitoka vijito vilivyokaribiana na kutengeza mto.","Ase emiaka emenge, egetunwa ki’Olokwango nigo giatenenete kegoseka gatigati y’eroro y’Akwere. Korwa ase chimboto na ase ensemo yaye chinsoko ibere inchiarwete aroro nakoumerana korosia oroche oronene oromo. Oroche oro, nigo rwarenge korokwa Temu naende nigo rwarenge kominyoka rokweminamina ase eroro eria ya kwene. Nigo rwarenge gokonya etugo yechiombe, ching’ondi amo n’echimbori nakomenta nayio amo nechingabi chiorosana chiarenge ase ayio.",Literature
"Things were all well until Matata became headman. He ordered a path to be cleared from the top of the hill to the foot so that he could climb uphill easily and roll gently down to the foot. Olokwango hill was angry with the damage to his beard, but he was patient.",Mambo yalikuwa swari hadi Matata alipokuwa mkuu wa mahali hapo. Alilazimisha njia itengenezwe kutoka juu ya mlima hadi chini yake ili aweze kupanda kwa urahis na kujifiringisha chini ya mlima. Mlima wa Olokwango ulikasirika na uharibifu uliofanywa lakini alikuwa mvumilivu.,"Ebinto nigo biarenge ebitoereru baka ekero Matata abete omoteneneri. Akarua okoraa buna enchera erosigwe korwa igor yegetunwa keria mbaka nse erine anyore ase akorinera egetunwa nagweturungania gochio nse ng’ora igo. Egetunwa keria ki’Olokwango gekagechigwa mono okoba yogosariwa koria gwechinderu chiaye, gotatiga rende akaremereria.",Literature
"During the weekend, Matatas children and their friends would climb uphill to play. They would run all over the place, breaking twigs and branches, lighting fires for their games, which they would later leave burning.","Mwishoni mwa wiki, watoto wa Matata na marafiki zao wangepanda mlimani kucheza. Wangekimbia kila mahali huku wakivunja vijiti na matawi, wakiasha mioto kwa michezo yao ambayo baadaye, waliacha ikiwaka.","Ekero Ki’Omokubio, abana ba’Matata amo nabasani babo nigo barenge korina egetunwa keria gochiesa. Nigo barenge kominyoka kera ase, bakobuna emete nechinsaginsagi, nagouta emerero barenge gotiga kegwoka. Engaki egaeta, Olokwango akagechiwa mono. Ng’ora ng’ora ogoseka koria kwaye kogachaka gosira. Chimboto chiria chiaye chigachaka gokea na gokea nobosio bwaye bogachaka konyira. Omoerio ndoche chiria ibere chigasira.",Literature
"Over time, Olokwango lost patience. The dimples became smaller and smaller as his face turned into ugly wrinkles. At last the springs were no more. The deer in the plains migrated because there was no more the tall green grass to play in. The sheep and goats grew thinner and thinner. Everyone felt the sadness of Olokwango hill.","Kwa muda mrefu, Olokwango alipoteza ule uvumilivu. Tabasamu yake nzuri ilififia. Vibonyeo viliendelea kuwa vidogo jinsi uso wake uligeuka na kuwa na sura mbaya ya mikunjo. Mwishowe, vijito havikuwa tena. Kingo za Mto Temu zilibaki zikikaziana macho kwa huzuni. Paa wa sehemu walihama kwani hapakuwa tena na zile nyasi ndefu za kijani walizochezea ndani, wala godoro nyororo kulala juu yake. Mifugo, mbuzi na kondoo walikonda na kukondeana. Kila mtu alihisi huzuni wa mlima wa Olokwango.",Chingabi chiria chigatama ekiagera bonyansi botambe tibwarengeoo ase barenge gochiesera. Ching’ondi amo n’echimbori chikarea nakorea mono. Kera omonto akaigwa oboro boria egetunwa gio’Okwalango kiaigwete.,Literature
"The people of Kwere realized that something needed to be done. They joined hands and overthrew Matata the headman. In his place they appointed Baraka who immediately ordered everyone to plant a flower to honour Olokwango. Baraka and his people held ceremonies and brought gifts of pine, cedar, and cypress for Olokwango.","Watu wa Kwere waligundua kwamba walitakiwa kuchukuwa hatua. Waliungana na kumpindua Matata mkuu wao. Pahali pake walimweka Baraka ambaye aliamrisha kila mtu kupanda ua kuonyesha heshima kwa Olokwango. Baraka na watu wake walifanya sherehe na kumtolea Olokwango zawadi za msonobari, mwerezi, na muhuhu. Hakuna aliyetembea juu ya mlima tena, na nyasi zilipata nafasi ya kumea na kuwa ndefu tena. Kidogo kidogo tabasamu iliyokuwa usoni mwa mlima wa Olokwango ilipanuka zaidi na vibonyeo vikarefuka zaidi.","Abanto b’Akwere bakaamua buna goika babwenerete gokora egento gete. Bakabwaterana nakomorusia Matata ase obogambi. Abanto b’Akwere bakaamua buna goika babwenerete gokora egento gete. Bakabwaterana nakomorusia Matata ase obogambi. Ase ribaga riaria riaye bagachora Baraka abwo abwo orwete eamri buna kera omonto asimeke rioga ribe ekeinyorio kiamatuko aria yemechando. Baraka n’abanto baye bakaba nemeyega yokogokia Okwalangu naboigo nakorentera Okwalangu emete ao ao buna chibakora, emeringamu amo n’emesocho.",Literature
"No one walked on the hill any longer, and the grass had a chance to grow tall once again. Gradually the smile on the face of Olokwango hill grew broader and the dimples deeper. Out of the dimples the springs ran again. River Temu was rejuvenated. The plains became greener than ever before. The deer galloped happily once more across the grass.",Kutoka kwenye vibonyeo vijito vilitiririka tena. Mto Temu ulifufuliwa. Sehemu tambarare ziligeuka kijani zaidi ya hapo awali. Paa walikimbia tena kwa furaha kutoka upande mmoja hadi mwingine wa nyasi.,"Onde taiyo bwancheretwe kogenda ase egetunwa keria naende, nokoba yaigo obonyansi boria bokanyora ribaga kwama naende. Ng’ora ng’ora ogiseka koria gw’Okwalangu gokairana nagokina mono amo n’echimboto chiaye naende chigakina. Korwa ase chimboto chiria, chinsoko chiria chikaminyoka naende. Noroche roria rwarenge korokwa Temu rokairana anende. Eroro ekaba naende machani nonya kobua buna yarenge kare. Chingabi chigacha chikaria obonyansi naende chigogete.",Literature
"Long live Baraka, long live Baraka, the people of Kwere sang. Long live, Olokwango, said Baraka and his people. May our children and childrens children forever respect you.","“Maisha marefu, Baraka! Maisha marefu, Baraka!” watu wa Kwere waliimba. “Maisha marefu, Olokwango,”Baraka na watu wake walisema. “Heri watoto wetu na watoto wa watoto wao wakuheshima daima.”","“Ochi kare Baraka, ochi kare Baraka!” Abanto baria ba’Kwere bagatera. “Ochi kare Olokwango!” Baraka nabanto baye bagateba. “Gaki tiga abana baito amo n’abana babo bagosike botambe bokongu!”",Literature
Khayanga lived with her parents happily until they died when she was ten years old.,Khayanga aliishi na wazazi wake kwa furaha hadi siku walipofariki akiwa na miaka kumi.,"Kare kare, omonto narengeoo orenge korokwa Waswa. Nigo omorugi oye arenge korokwa Nasime. Naende nigo babwate omwana oyomo. Erieta riaye nigo arenge korokwa Khayanga. Bonsi batato nigo bamenyete ase ekenyoro gekorokwa Silaa.",Literature
"Khayanga was taken in by Rosa, a distant relative. Rosa was kind to Khayanga, but she was old, frail and poor.","Khayanga alichukuliwa ili kutunzwa na mama mmoja wa ukoo wake aliyeitwa Rosa. Rosa alikuwa mkarimu kwa Khayanga. Lakini mama huyu alikuwa mzee, maskini na alikuwa amedhoofika sana.","Omwaka oyomo, Waswa akarwara mono. Bagatema kera egento korende tibanyareti komotoria. Waswa agakwa nagotiga Nasime omobora ka. Nasime agakora egasi nechinguru komorenda khayanga. Nonya nigo, tabwate ebahati ende yonsi. Akaba emiaka ebere yoka nagokwa nere akamobwatia omogaka oye, Waswa. Abange nigo bakagarete buna nobororo bwogosiria omogaka oye nabuo bwamoitete Nasime. Ekero Nasime akwete, khayanga agatigara bweka ense eye. Omoiri obo korwa are okorokwa Rosa akamoira bakagenda komenya nere enka yaye ase arenge korokwa Emasio. Rosa tabwate binto binge. Bonsi babere bakamenya obogima obokongu, obotaka. Rosa nigo",Literature
Khayanga often visited her parents graves to tell them of her misery.,Khayanga alitembelea makaburi ya wazazi wake mara kwa mara ili kuwaeleza matatizo yake.,"Rituko erimo, Khayanga akagenda gotara ase chimbera chia ise na ng’ina erio anyare kobatebia buna barenge abataka. Akabeka egekabu abwete nse na nagochaka korera, kagoteba: Tata gaki, ing’ai gwachiete? Mama gaki, ing’ai gwachiete? Mogantiga inche bweka. Ing’ai more? Ekero khayanga atigete korera, akarora ekerandi ekiiya buna konyora atanya korora. Nigo kiaemerete gatigati ye’chimbera chira ibere, eyaise neyang’ina. Khayanga agatiga korera. Ekero keria atigete korera, akaigwa ogotera gokorwa ekerandi keria ime. Ogotera koria nigo kwarenge ogwokogombia mono.",Literature
"One day when she visited, she received a gift. It was a very special Gourd which appeared from her parents graves.","Siku moja wakati alipotembea makaburini, alipewa zawadi. Na zawadi yenyewe ilikuwa kibuyu cha kipekee kilichotoka kwenye makaburi ya wazazi wake.","Ekerandi keria nigo kiarenge gotera iga... Khayanga, ee, Khayanga! Khayanga, ee, Khayanga! Omwana oito omwanchwa! Manya ng’a tori aye bweka, omwanchwa oito! Ee ekerandi eke iga, omwanchwa oito! Kebogorie nagotara nakerokio kera ase!",Literature
"The Gourd sang a beautiful and soothing song. Khayanga recognised the voice as that of her late mother. It went like this... Khayanga, ee, Khayanga! Our child the loved one! Youre not alone, loved one! Have this gourd, loved one! Carry it everywhere you go, loved one! Let it console you loved one!","Kibuyu hicho kiliimba wimbo mtamu na wa kuburudisha. Wimbo wenyewe uliimbwa hivi: Khayanga, ee, Khayanga! Mtoto wetu, mpendwa! Tuko na wewe, mpendwa! Shika kibuyu, mpendwa! Kibebe kote, mpendwa! Kikuliwaze, mpendwa! Khayanga aligundua kuwa hiyo sauti ilikuwa ya mamake. Alikihifadhi Kibuyu hicho ili kimfariji kila alipohisi huzuni na upweke.","Korwa rituko erio, Khayanga akabogoria ekerandi keria kera ase arenge kogenda. Agakebeka ase arenge korara, akaba gakoboka nakio na kweyaka amaguta kageikaranserete. Baka ekaba buna kera ekero atagakebogoirie nigo arenge kogechiwa sana. Ekiagera kera ekero agakeboigirie, nigo giakamoinyorie ise na ng’ina yagera oigwa buya.",Literature
"Khayanga carried her special Gourd everywhere. With her Gourd, Khayanga felt her parents presence and protection.","Khayanga alikibeba Kibuyu chake cha kipekee kila alipokwenda. Kilimlinda alipokwenda mtoni kuchota maji. Kwa sababu ya Kibuyu chake, Khayanga alihisi kwamba wazazi wake walikuwa naye na walimlinda.","Korwa rituko erio, Khayanga akabogoria ekerandi keria kera ase arenge kogenda. Agakebeka ase arenge korara, akaba gakoboka nakio na kweyaka amaguta kageikaranserete. Baka ekaba buna kera ekero atagakebogoirie nigo arenge kogechiwa sana. Ekiagera kera ekero agakeboigirie, nigo giakamoinyorie ise na ng’ina yagera oigwa buya.",Literature
"One day, something bad happened to her special Gourd. It broke when she was fetching water in the river. Khayangas heart broke as well.","Siku moja, jambo baya lilitendekea Kibuyu chake. Kilivunjika alipokuwa akichota maji mtoni. Khayanga naye pia alivunjika moyo kwa sababu hiyo.","One day, something bad happened to her special Gourd. It broke when she was fetching water in the river. Khayanga’s heart broke as well.",Literature
"Khayanga held the pieces of the broken Gourd in her small hands and sang: Father and Mother, See the gourd is broken. The gourd you gave me. What do I do, Mother and Father? Be kind and show me a sign... That you are still with me.","Khayanga alivishika vigae vya Kibuyu kilichovunjika mikononi mwake akaimba: Baba yangu mama yangu Kibuyu mlichonipa, Jamani kimevunjika. Nieleze nifanyeje? Baba yangu mama yangu, Nipe ishara nyingine, Nijue mko na mimi.","Khayanga held the pieces of the broken Gourd in her small hands and sang: Father and Mother, See the gourd is broken. The gourd you gave me. What do I do, Mother and Father? Be kind and show me a sign... That you are still with me.",Literature
"Khayanga heard her mothers voice saying to her: Our child, pick up the pieces that are left. Fetch water with them and wash your feet. When you finish washing, close your eyes. Khayanga obeyed and suddenly, the broken Gourd became whole once again.","Khayanga akasikia sauti ya mamake ikimwambia: Khayanga mtoto wetu, Hivyo vigae okota, Na maji uchote navyo, Ioshe miguu yako, Ukimaliza kuosha, Uyafunge macho yako. Khayanga alitii alivyoambiwa na ghafla, Kibuyu kilichovunjika kilishikana tena. Alikichukua akakishika kifuani mwake kwa furaha kubwa.","Khayanga heard her mother’s voice saying to her: Our child, pick up the pieces that are left. Fetch water with them and wash your feet. When you finish washing, close your eyes. Khayanga obeyed and suddenly, the broken Gourd became whole once again.",Literature
"Khayanga continued to carry her Gourd everywhere she went. Wherever she passed, people whispered to each other, What type of gourd is this? With her special Gourd, Khayanga received everything she needed.","Khayanga aliendelea kukibeba Kibuyu chake kila mahali alipokwenda. Popote alipopita, watu waliulizana, “Hiki ni kibuyu cha aina gani?” Kibuyu hicho chake kilimsaidia kupata chochote alichohitaji.","Khayanga continued to carry her Gourd everywhere she went. Wherever she passed, people whispered to each other, “What type of gourd is this?” With her special Gourd, Khayanga received everything she needed.",Literature
"With the special Gourd, Khayanga knew that her parents were watching over her. Nothing bad could happen to her.","Kwa sababu ya Kibuyu hicho cha kipekee, Khayanga alijua kwamba wazazi wake walimwangalia kila wakati. Alijua kwamba hakuna kitu kibaya kingeweza kumtendekea.","With the special Gourd, Khayanga knew that her parents were watching over her. Nothing bad could happen to her.",Literature
