PSA_ID,Domain,Target_Languages,Source,Metadata,English,Kiswahili
PSA_00001,Health,[Placeholders],WHO Regional Office for Africa,"{""url"": ""https://www.afro.who.int/countries/kenya/news/kenya-launches-5-year-health-security-plan-strengthen-health-emergency-readiness"", ""detected_lang"": ""en""}",23 July 2026 | News Release United against polio: Zimbabwe strengthens regional immunity through synchronized vaccination,23 Julai 2026 | Taarifa ya Habari Umoja dhidi ya polio: Zimbabwe inaimarisha kinga ya kikanda kupitia chanjo iliyosawazishwa
PSA_00002,Health,[Placeholders],WHO Regional Office for Africa,"{""url"": ""https://www.afro.who.int/countries/kenya/news/kenya-celebrates-immunization-more-children-are-reached-rtss"", ""detected_lang"": ""en""}","Kenya celebrates immunization as more children are reached with RTS,S | WHO | Regional Office for Africa Kenya celebrates immunization as more children are reached with RTS,S Kenya this week joins the world to commemorate the African Vaccination week (World Immunization Week) as well as the World Malaria Day on April 25, 2023.","Kenya inasherehekea chanjo huku watoto zaidi wakifikiwa na RTS,S | WHO | Ofisi ya Kanda ya Afrika Kenya inaadhimisha chanjo huku watoto zaidi wakifikiwa na RTS,S Kenya wiki hii inaungana na ulimwengu kuadhimisha wiki ya Chanjo ya Afrika (Wiki ya Chanjo Duniani) pamoja na Siku ya Malaria Duniani mnamo Aprili 25, 2023."
PSA_00003,Health,[Placeholders],WHO Regional Office for Africa,"{""url"": ""https://www.afro.who.int/countries/kenya/news/kenya-celebrates-immunization-more-children-are-reached-rtss"", ""detected_lang"": ""en""}",Commemoration of these important days is key in that it reinforces the need to pay attention to immunization and prevention of disease.,Kuadhimisha siku hizi muhimu ni muhimu kwa kuwa inaimarisha haja ya kuzingatia chanjo na kuzuia magonjwa.
PSA_00004,Health,[Placeholders],WHO Regional Office for Africa,"{""url"": ""https://www.afro.who.int/countries/kenya/news/kenya-celebrates-immunization-more-children-are-reached-rtss"", ""detected_lang"": ""en""}","Kenya since 1980, established the Kenya Expanded Programme for Immunization, KEPI, which set its pace to ensure all child diseases are prevented through immunization from birth.","Kenya tangu mwaka wa 1980, ilianzisha Mpango wa Kenya wa Kupanua Chanjo, KEPI, ambao uliweka kasi yake kuhakikisha magonjwa yote ya watoto yanazuiliwa kupitia chanjo tangu kuzaliwa."
PSA_00005,Health,[Placeholders],WHO Regional Office for Africa,"{""url"": ""https://www.afro.who.int/countries/kenya/news/kenya-celebrates-immunization-more-children-are-reached-rtss"", ""detected_lang"": ""en""}","The RTS,S/AS01 (RTS,S) malaria vaccine is the first vaccine recommended to prevent malaria in children.","Chanjo ya malaria ya RTS,S/AS01 (RTS,S) ni chanjo ya kwanza inayopendekezwa kuzuia malaria kwa watoto."
PSA_00006,Health,[Placeholders],WHO Regional Office for Africa,"{""url"": ""https://www.afro.who.int/countries/kenya/news/kenya-celebrates-immunization-more-children-are-reached-rtss"", ""detected_lang"": ""en""}",The expansion of malaria vaccination follows the first WHO recommendation for a malaria vaccine in October 2021 that was informed by data and insights generated from the pilots.,Upanuzi wa chanjo ya malaria unafuatia pendekezo la kwanza la WHO la chanjo ya malaria mnamo Oktoba 2021 ambalo lilitokana na data na maarifa yaliyotolewa kutoka kwa majaribio.
PSA_00007,Health,[Placeholders],WHO Regional Office for Africa,"{""url"": ""https://www.afro.who.int/countries/kenya/news/kenya-celebrates-immunization-more-children-are-reached-rtss"", ""detected_lang"": ""en""}","""I would like to congratulate the Government of Kenya for this step toward increasing access to the first malaria vaccine, as part of a package of WHO-recommended measures to strengthen malaria control.","“Ningependa kupongeza Serikali ya Kenya kwa hatua hii ya kuongeza upatikanaji wa chanjo ya kwanza ya malaria, ikiwa ni sehemu ya hatua zilizopendekezwa na WHO za kuimarisha udhibiti wa malaria."
PSA_00008,Health,[Placeholders],WHO Regional Office for Africa,"{""url"": ""https://www.afro.who.int/countries/kenya/news/kenya-celebrates-immunization-more-children-are-reached-rtss"", ""detected_lang"": ""en""}","In a visit to vaccination sites in February by the WHO Director of Immunization, Vaccines and Biologicals Dr Kate O'Brien, she said: ""I note that this vaccine has generated a lot of enthusiasm and excitement in communities, and the high demand for it is bringing caregivers and children to the clinics where children can also catch up on other vaccines and child interventions for protection.","Katika ziara yake katika maeneo ya chanjo mwezi Februari na Mkurugenzi wa Chanjo, Chanjo na Biolojia wa WHO, Dk Kate O'Brien, alisema: ""Ninatambua kuwa chanjo hii imeleta shauku na msisimko mkubwa katika jamii, na mahitaji yake makubwa yanaleta walezi na watoto kwenye kliniki ambapo watoto wanaweza pia kupata chanjo nyingine kwa ajili ya ulinzi na watoto."
PSA_00009,Health,[Placeholders],WHO Regional Office for Africa,"{""url"": ""https://www.afro.who.int/countries/kenya/news/kenya-celebrates-immunization-more-children-are-reached-rtss"", ""detected_lang"": ""en""}","Their role is also to convey health messages on the need to continue other malaria prevention measures, such as sleeping under bednets (ITNs), and benefits of other routine vaccines for children.","Jukumu lao pia ni kuwasilisha ujumbe wa afya juu ya haja ya kuendelea na hatua nyingine za kuzuia malaria, kama vile kulala chini ya vyandarua (ITNs), na manufaa ya chanjo nyingine za kawaida kwa watoto."
PSA_00010,Health,[Placeholders],WHO Regional Office for Africa,"{""url"": ""https://www.afro.who.int/countries/kenya/news/kenya-celebrates-immunization-more-children-are-reached-rtss"", ""detected_lang"": ""en""}","People have died of this disease so am grateful that our children have a chance to escape it."" For Eunice Aoko, a mother of five, who took her youngest child Scovia to Chemelili health facility for vaccination, the vaccine is a health opportunity for children and their families.","Watu wamekufa kutokana na ugonjwa huu kwa hivyo ninashukuru kwamba watoto wetu wana nafasi ya kuuepuka."" Kwa Eunice Aoko, mama wa watoto watano, ambaye alimpeleka mtoto wake mdogo Scovia katika kituo cha afya cha Chemelili kwa ajili ya chanjo, chanjo hiyo ni fursa ya afya kwa watoto na familia zao."
PSA_00011,Health,[Placeholders],WHO Regional Office for Africa,"{""url"": ""https://www.afro.who.int/countries/kenya/news/kenya-celebrates-immunization-more-children-are-reached-rtss"", ""detected_lang"": ""en""}",This could include use of digital methods like SMS for sharing health information and for reminding parents to complete the vaccination schedule.,Hii inaweza kujumuisha matumizi ya mbinu za kidijitali kama vile SMS kwa kushiriki maelezo ya afya na kuwakumbusha wazazi kukamilisha ratiba ya chanjo.
PSA_00012,Health,[Placeholders],WHO Regional Office for Africa,"{""url"": ""https://www.afro.who.int/countries/kenya/news/kenya-celebrates-immunization-more-children-are-reached-rtss"", ""detected_lang"": ""en""}","""In the coming years, our objective is to continue to expand malaria vaccination to other parts of the country, as more supplies of the vaccine become available,"" said Dr Lucy Mecca, Head of the National Vaccines and Immunization Program (NVIP).","""Katika miaka ijayo, lengo letu ni kuendelea kupanua chanjo ya malaria katika maeneo mengine ya nchi, kadiri vifaa zaidi vya chanjo hiyo vitakavyopatikana,"" alisema Dk Lucy Mecca, Mkuu wa Mpango wa Kitaifa wa Chanjo na Chanjo (NVIP)."
PSA_00013,Health,[Placeholders],WHO Regional Office for Africa,"{""url"": ""https://www.afro.who.int/countries/kenya/news/kenya-celebrates-immunization-more-children-are-reached-rtss"", ""detected_lang"": ""en""}",24 July 2026 | News Release WHO joins Uganda to celebrate 90 years of the Uganda Virus Research Institute 24 July 2026 | News Release South Sudan receives emergency medical supplies to strengthen cholera response 23 July 2026 | News Release United against polio: Zimbabwe strengthens regional immunity through synchronized vaccination,24 Julai 2026 | Taarifa ya Habari WHO yaungana na Uganda kusherehekea miaka 90 ya Taasisi ya Utafiti wa Virusi vya Uganda 24 Julai 2026 | Taarifa ya Habari Sudan Kusini yapokea vifaa vya matibabu vya dharura ili kuimarisha mwitikio wa kipindupindu 23 Julai 2026 | Taarifa ya Habari Umoja dhidi ya polio: Zimbabwe inaimarisha kinga ya kikanda kupitia chanjo iliyosawazishwa
PSA_00014,Health,[Placeholders],WHO Regional Office for Africa,"{""url"": ""https://www.afro.who.int/countries/kenya/news/who-intensifies-response-looming-health-crisis-greater-horn-africa-food-insecurity-worsens"", ""detected_lang"": ""en""}","""While the clear priority is to prevent people from starving, we must simultaneously strengthen our health response to prevent disease and save lives.","""Wakati kipaumbele cha wazi ni kuzuia watu kutoka kwa njaa, lazima wakati huo huo tuimarishe mwitikio wetu wa kiafya ili kuzuia magonjwa na kuokoa maisha."
PSA_00015,Health,[Placeholders],WHO Regional Office for Africa,"{""url"": ""https://www.afro.who.int/countries/kenya/news/drought-leaves-over-two-million-vulnerable-health-and-nutrition-crises-kenya"", ""detected_lang"": ""en""}",The Kenyan government has warned that 2.5 million citizens are at risk of severe hunger and water scarcity if the drought persists.,"Serikali na mashirika ya afya yaonya kuhusu hatari ya njaa na ukosefu wa maji, na kuhimiza usambazaji wa chakula na maji salama."
PSA_00016,Health,[Placeholders],WHO Regional Office for Africa,"{""url"": ""https://www.afro.who.int/countries/kenya/news/drought-leaves-over-two-million-vulnerable-health-and-nutrition-crises-kenya"", ""detected_lang"": ""en""}",24 July 2026 | News Release WHO joins Uganda to celebrate 90 years of the Uganda Virus Research Institute 23 July 2026 | News Release United against polio: Zimbabwe strengthens regional immunity through synchronized vaccination,24 Julai 2026 | Taarifa ya Habari WHO yaungana na Uganda kusherehekea miaka 90 ya Taasisi ya Utafiti wa Virusi vya Uganda 23 Julai 2026 | Taarifa ya Habari Umoja dhidi ya polio: Zimbabwe inaimarisha kinga ya kikanda kupitia chanjo iliyosawazishwa
PSA_00017,Health,[Placeholders],WHO Regional Office for Africa,"{""url"": ""https://www.afro.who.int/countries/kenya/news/kenya-bolsters-polio-and-measles-surveillance-cutting-edge-kemri-laboratory"", ""detected_lang"": ""en""}","These labs ensure that stool and environmental samples are quickly tested for polioviruses, guiding immunization campaigns and outbreak response.","Maabara hizi huhakikisha kwamba sampuli za kinyesi na mazingira zinajaribiwa kwa haraka kwa virusi vya polio, kuongoza kampeni za chanjo na mwitikio wa mlipuko."
PSA_00018,Health,[Placeholders],WHO Regional Office for Africa,"{""url"": ""https://www.afro.who.int/countries/kenya/news/kenya-bolsters-polio-and-measles-surveillance-cutting-edge-kemri-laboratory"", ""detected_lang"": ""en""}","In Kenya, surveillance and vaccination activities continue to reach children in nomadic, peri-urban and cross-border communities, with the latest vaccination round against polio having protected nearly 1 million children.","Nchini Kenya, shughuli za ufuatiliaji na chanjo zinaendelea kuwafikia watoto katika jamii zinazohamahama, pembezoni mwa miji na mipakani, huku awamu ya hivi punde ya chanjo dhidi ya polio ikiwa imewalinda karibu watoto milioni 1."
PSA_00019,Health,[Placeholders],WHO Regional Office for Africa,"{""url"": ""https://www.afro.who.int/countries/kenya/news/kenya-bolsters-polio-and-measles-surveillance-cutting-edge-kemri-laboratory"", ""detected_lang"": ""en""}","Kenya has not reported circulating variant poliovirus type 2 (cVDPV2) cases in the past 15 months, and continued surveillance and Kenya's strengthened laboratory capacity will help sustain this momentum and ensure no resurgence.","Kenya haijaripoti visa vya virusi vya polio aina ya 2 (cVDPV2) vinavyozunguka katika muda wa miezi 15 iliyopita, na ufuatiliaji unaoendelea na kuimarishwa kwa uwezo wa maabara nchini Kenya kutasaidia kuendeleza kasi hii na kuhakikisha hakuna kuzuka tena."
PSA_00020,Health,[Placeholders],WHO Regional Office for Africa,"{""url"": ""https://www.afro.who.int/countries/kenya/news/ramping-covid-19-vaccination-among-kenyas-hard-reach-communities"", ""detected_lang"": ""en""}","We have no time to visit the hospital to get the COVID-19 vaccination."" In a 10-day campaign targeting 11 of Kenya's 47 counties that had some of the lowest vaccination coverage, World Health Organization (WHO) along with the county governments, non-governmental organizations and other partners were determined that no one would be missed.","Hatuna muda wa kutembelea hospitali ili kupata chanjo ya COVID-19."" Katika kampeni ya siku 10 iliyolenga kaunti 11 kati ya 47 za Kenya ambazo zilikuwa na chanjo ya chini zaidi, Shirika la Afya Ulimwenguni (WHO) pamoja na serikali za kaunti, mashirika yasiyo ya kiserikali na washirika wengine waliazimia kuwa hakuna mtu ambaye angekosa."
PSA_00021,Health,[Placeholders],WHO Regional Office for Africa,"{""url"": ""https://www.afro.who.int/countries/kenya/news/ramping-covid-19-vaccination-among-kenyas-hard-reach-communities"", ""detected_lang"": ""en""}","During the December campaign, WHO provided technical and financial support in the 11 counties to help accelerate the coverage of COVID-19 vaccine through strategic risk communication, community engagement and vaccination outreach teams.","Wakati wa kampeni ya Desemba, WHO ilitoa usaidizi wa kiufundi na kifedha katika kaunti 11 ili kusaidia kuharakisha utoaji wa chanjo ya COVID-19 kupitia mawasiliano ya kimkakati ya hatari, ushiriki wa jamii na timu za kufikia chanjo."
PSA_00022,Health,[Placeholders],WHO Regional Office for Africa,"{""url"": ""https://www.afro.who.int/countries/kenya/news/ramping-covid-19-vaccination-among-kenyas-hard-reach-communities"", ""detected_lang"": ""en""}",WHO experts worked with county health teams to coordinate operations at the grassroots so that local authorities took ownership of the efforts to boost COVID-19 vaccination.,Wataalamu wa WHO walifanya kazi na timu za afya za kaunti kuratibu shughuli mashinani ili mamlaka za mitaa zichukue umiliki wa juhudi za kuimarisha chanjo ya COVID-19.
PSA_00023,Health,[Placeholders],WHO Regional Office for Africa,"{""url"": ""https://www.afro.who.int/countries/kenya/news/ramping-covid-19-vaccination-among-kenyas-hard-reach-communities"", ""detected_lang"": ""en""}","In addition to public education, the teams would announce the location and dates where the community could access the vaccination.","Mbali na elimu kwa umma, timu hizo zingetangaza mahali na tarehe ambapo jumuiya inaweza kupata chanjo."
PSA_00024,Health,[Placeholders],WHO Regional Office for Africa,"{""url"": ""https://www.afro.who.int/countries/kenya/news/ramping-covid-19-vaccination-among-kenyas-hard-reach-communities"", ""detected_lang"": ""en""}",Vaccination sites were set up where people could easily access them.,Maeneo ya chanjo yaliwekwa ambapo watu wangeweza kuyafikia kwa urahisi.
PSA_00025,Health,[Placeholders],WHO Regional Office for Africa,"{""url"": ""https://www.afro.who.int/countries/kenya/news/ramping-covid-19-vaccination-among-kenyas-hard-reach-communities"", ""detected_lang"": ""en""}","To help make sure that marginalized people were not neglected, a church in Kisumu offered its backyard for setting a one-day vaccination site.","Ili kusaidia kuhakikisha kuwa watu waliotengwa hawakupuuzwa, kanisa moja huko Kisumu lilitoa uwanja wake wa nyuma kwa ajili ya kuweka mahali pa chanjo ya siku moja."
PSA_00026,Health,[Placeholders],WHO Regional Office for Africa,"{""url"": ""https://www.afro.who.int/countries/kenya/news/ramping-covid-19-vaccination-among-kenyas-hard-reach-communities"", ""detected_lang"": ""en""}","By the end of that particular day, 321 people were vaccinated at the church site.","Kufikia mwisho wa siku hiyo, watu 321 walichanjwa kwenye tovuti ya kanisa."
PSA_00027,Health,[Placeholders],WHO Regional Office for Africa,"{""url"": ""https://www.afro.who.int/countries/kenya/news/ramping-covid-19-vaccination-among-kenyas-hard-reach-communities"", ""detected_lang"": ""en""}","""As the county health team, we shall continue to work with partners in increasing access to COVID-19 vaccination and support this noble idea in ensuring that all segments of the population are vaccinated, including the vulnerable and marginalized persons,"" said Florence Aketch, Kisumu County Coordinator for the Expanded Programme on Immunization.","""Kama timu ya afya ya kaunti, tutaendelea kufanya kazi na washirika katika kuongeza ufikiaji wa chanjo ya COVID-19 na kuunga mkono wazo hili zuri katika kuhakikisha kuwa makundi yote ya watu yamechanjwa, ikiwa ni pamoja na watu walio katika mazingira magumu na waliotengwa,"" alisema Florence Aketch, Mratibu wa Kaunti ya Kisumu kwa Mpango wa Kupanua wa Chanjo."
PSA_00028,Health,[Placeholders],WHO Regional Office for Africa,"{""url"": ""https://www.afro.who.int/countries/kenya/news/ramping-covid-19-vaccination-among-kenyas-hard-reach-communities"", ""detected_lang"": ""en""}","In Wajir County in northern Kenya, the vaccination uptake campaign was also driven by working with political, religious and community leaders as well as through messages relayed via community radio, which is effective among the nomadic herder communities predominantly living in northern Kenya.","Katika Kaunti ya Wajir kaskazini mwa Kenya, kampeni ya kupokea chanjo pia ilichochewa na kufanya kazi na viongozi wa kisiasa, kidini na kijamii na pia kupitia jumbe zinazotumwa kupitia redio ya jamii, ambayo ni nzuri miongoni mwa jamii za wafugaji wahamaji wanaoishi kaskazini mwa Kenya."
PSA_00029,Health,[Placeholders],WHO Regional Office for Africa,"{""url"": ""https://www.afro.who.int/countries/kenya/news/ramping-covid-19-vaccination-among-kenyas-hard-reach-communities"", ""detected_lang"": ""en""}",Taking vaccines to these communities also meant that vaccination teams would set up vaccination stations at watering points.,Kupeleka chanjo kwa jumuiya hizi pia kulimaanisha kuwa timu za chanjo zingeweka vituo vya chanjo katika maeneo ya kunyweshea maji.
PSA_00030,Health,[Placeholders],WHO Regional Office for Africa,"{""url"": ""https://www.afro.who.int/countries/kenya/news/ramping-covid-19-vaccination-among-kenyas-hard-reach-communities"", ""detected_lang"": ""en""}","""It takes a lot of commitment and resources to vaccinate people living in sparsely populated regions,"" said Dr Adam Haji, a WHO medical officer.","""Inahitaji kujitolea na rasilimali nyingi kuwachanja watu wanaoishi katika maeneo yenye wakazi wachache,"" alisema Dk Adam Haji, afisa wa afya wa WHO."
PSA_00031,Health,[Placeholders],WHO Regional Office for Africa,"{""url"": ""https://www.afro.who.int/countries/kenya/news/ramping-covid-19-vaccination-among-kenyas-hard-reach-communities"", ""detected_lang"": ""en""}","""It is not enough to send them messages, it must be accompanied with a lot of hard work like driving many kilometres on a bad roads to get people vaccinated."" Engaging local communities to support the COVID-19 response and accept the vaccine has been a core part of how the government, with WHO inputs, has worked to protect the country.","""Haitoshi kuwatumia ujumbe, lazima iambatane na kazi ngumu kama vile kuendesha kilomita nyingi kwenye barabara mbovu ili kupata watu chanjo."" Kushirikisha jumuiya za wenyeji kuunga mkono mwitikio wa COVID-19 na kukubali chanjo imekuwa sehemu ya msingi ya jinsi serikali, ikiwa na pembejeo za WHO, imefanya kazi kulinda nchi."
PSA_00032,Health,[Placeholders],WHO Regional Office for Africa,"{""url"": ""https://www.afro.who.int/countries/kenya/news/kenya-breaks-new-ground-and-pilots-its-first-digital-health-campaign-system"", ""detected_lang"": ""en""}","She is one of 4,250 community health promoters who worked to ensure up to 13 million children across Kenya received medicines to combat neglected tropical diseases.","Yeye ni mmoja wa waendelezaji wa afya ya jamii 4,250 ambao walifanya kazi ili kuhakikisha hadi watoto milioni 13 kote nchini Kenya wanapokea dawa za kukabiliana na magonjwa ya tropiki yaliyosahaulika."
PSA_00033,Health,[Placeholders],WHO Regional Office for Africa,"{""url"": ""https://www.afro.who.int/countries/kenya/news/kenya-breaks-new-ground-and-pilots-its-first-digital-health-campaign-system"", ""detected_lang"": ""en""}","Additionally, the 110 community health promoters using the digital tool expressed optimism about incorporating it into other large-scale health campaigns, such as polio vaccination campaigns.","Zaidi ya hayo, waendelezaji wa afya ya jamii 110 wanaotumia zana ya kidijitali walionyesha matumaini kuhusu kuijumuisha katika kampeni nyingine kubwa za afya, kama vile kampeni za chanjo ya polio."
PSA_00034,Health,[Placeholders],WHO Regional Office for Africa,"{""url"": ""https://www.afro.who.int/countries/kenya/news/garissa-health-workers-trained-who-global-competency-standards-strengthen-care-refugees-and-migrants"", ""detected_lang"": ""en""}","Majid Mohamed, Assistant Director of Public Health at the Ministry of Health, emphasised the need to expand the initiative: ""We often focus on established camps, yet many refugees enter through informal crossings.","Majid Mohamed, Mkurugenzi Msaidizi wa Afya ya Umma katika Wizara ya Afya, alisisitiza haja ya kupanua mpango huo: ""Mara nyingi tunazingatia kambi zilizoanzishwa, lakini wakimbizi wengi huingia kupitia njia zisizo rasmi."
PSA_00035,Health,[Placeholders],WHO Regional Office for Africa,"{""url"": ""https://www.afro.who.int/countries/kenya/news/garissa-health-workers-trained-who-global-competency-standards-strengthen-care-refugees-and-migrants"", ""detected_lang"": ""en""}","These competencies must reach border points where the first contact happens."" The next steps agreed with the Ministry of Health and partners include scaling the training to Kakuma, developing a simplified module for community health promoters and promoting broader enrolment in the WHO Academy course.","Ustadi huu lazima ufikie maeneo ya mpaka ambapo mawasiliano ya kwanza hutokea."" Hatua zinazofuata zilizokubaliwa na Wizara ya Afya na washirika ni pamoja na kuongeza mafunzo hadi Kakuma, kuunda moduli iliyorahisishwa kwa wakuzaji afya ya jamii na kukuza uandikishaji mpana zaidi katika kozi ya Chuo cha WHO."
PSA_00036,Health,[Placeholders],WHO Regional Office for Africa,"{""url"": ""https://www.afro.who.int/countries/kenya/news/welcome-nairobi-lets-build-together-world-health-summit-regional-meeting-2026"", ""detected_lang"": ""en""}","The WHO exhibition booth promises to be a dynamic and meaningful space, featuring latest WHO publications, an interactive virtual reality installation which simulates polio vaccination in a community, and a demonstration of a WHO-developed AI application for emergency response.","Banda la maonyesho la WHO linaahidi kuwa nafasi inayobadilika na yenye maana, inayojumuisha machapisho ya hivi punde ya WHO, usakinishaji shirikishi wa uhalisia pepe ambao huiga chanjo ya polio katika jumuiya, na onyesho la ombi la AI iliyotengenezwa na WHO kwa ajili ya kukabiliana na dharura."
PSA_00037,Health,[Placeholders],WHO Regional Office for Africa,"{""url"": ""https://www.afro.who.int/countries/kenya/news/kenya-launches-national-cervical-cancer-elimination-action-plan-2026-2030"", ""detected_lang"": ""en""}","Although the disease is largely preventable through human papillomavirus (HPV) vaccination and early screening, many women continue to be diagnosed at advanced stages due to gaps in access to services.","Ingawa ugonjwa huu unaweza kuzuilika kwa kiasi kikubwa kupitia chanjo ya human papillomavirus (HPV) na uchunguzi wa mapema, wanawake wengi wanaendelea kugunduliwa katika hatua za juu kutokana na mapungufu katika upatikanaji wa huduma."
PSA_00038,Health,[Placeholders],WHO Regional Office for Africa,"{""url"": ""https://www.afro.who.int/countries/kenya/news/kenya-launches-national-cervical-cancer-elimination-action-plan-2026-2030"", ""detected_lang"": ""en""}","The Action Plan aligns with WHO's global cervical cancer elimination targets (90-70-90), which call for 90% of girls to be fully vaccinated against HPV by the age of 15, 70% of women to be screened using a high-performance test by ages 35 and 45, and 90% of women identified with cervical disease to receive appropriate treatment and care.","Mpango wa Utekelezaji unaendana na malengo ya WHO ya kutokomeza saratani ya mlango wa kizazi duniani (90-70-90), ambayo yanatoa wito kwa 90% ya wasichana kupata chanjo kamili dhidi ya HPV kufikia umri wa miaka 15, 70% ya wanawake kuchunguzwa kwa kutumia kipimo cha juu cha utendaji wa umri wa miaka 35 na 45, na 90% ya wanawake wanaotambuliwa na matibabu ya kizazi."
PSA_00039,Health,[Placeholders],WHO Regional Office for Africa,"{""url"": ""https://www.afro.who.int/countries/kenya/news/kenya-launches-national-cervical-cancer-elimination-action-plan-2026-2030"", ""detected_lang"": ""en""}","The strategy builds on Kenya's national HPV vaccination programme, introduced in 2019.","Mkakati huo unatokana na mpango wa kitaifa wa chanjo ya HPV nchini Kenya, ulioanzishwa mwaka wa 2019."
PSA_00040,Health,[Placeholders],WHO Regional Office for Africa,"{""url"": ""https://www.afro.who.int/countries/kenya/news/kenya-launches-national-cervical-cancer-elimination-action-plan-2026-2030"", ""detected_lang"": ""en""}","In November 2025, Kenya transitioned to a single-dose HPV vaccination schedule , in line with WHO recommendations, to simplify delivery and improve coverage.","Mnamo Novemba 2025, Kenya ilibadilika hadi ratiba ya chanjo ya HPV ya dozi moja, kulingana na mapendekezo ya WHO, ili kurahisisha utoaji na kuboresha huduma."
PSA_00041,Health,[Placeholders],WHO Regional Office for Africa,"{""url"": ""https://www.afro.who.int/countries/kenya/news/who-launches-new-global-guidelines-create-healthier-school-food-environments"", ""detected_lang"": ""en""}","""Global guidance helps ensure that school food policies are informed by evidence and responsive to the nutritional needs of children at different stages of development."" Kenya is currently providing free school meals to approximately 2.6 million children, with a national target to reach 10 million children by 2030, according to the Ministry of Education.",Wizara ya Elimu na KUCCPS wanaalika maombi ya nafasi za masomo na kutoa ushauri wa taaluma kwa wanafunzi.
PSA_00042,Health,[Placeholders],WHO Regional Office for Africa,"{""url"": ""https://www.afro.who.int/countries/kenya/news/launch-tobacco-free-farms-kenya"", ""detected_lang"": ""en""}","""Tobacco growing farmers must be given the necessary support to switch to alternative crops that have the potential to improve their health and livelihoods as well as reduce the supply of tobacco,"" says Dr.","“Wakulima wanaolima tumbaku ni lazima wapewe msaada unaohitajika ili kubadili mazao mbadala yenye uwezo wa kuboresha afya na maisha yao pamoja na kupunguza upatikanaji wa tumbaku,” anasema Dk."
PSA_00043,Health,[Placeholders],WHO Regional Office for Africa,"{""url"": ""https://www.afro.who.int/countries/kenya/news/kenya-strengthening-health-workforce"", ""detected_lang"": ""en""}","We need to strike a balance between what is acceptable in the context that we have and what inefficient use of the health workforce,"" he says.","Tunahitaji kuweka uwiano kati ya kile kinachokubalika katika muktadha tulionao na matumizi yasiyofaa ya nguvu kazi ya afya,"" anasema."
PSA_00044,Health,[Placeholders],WHO Regional Office for Africa,"{""url"": ""https://www.afro.who.int/countries/kenya/news/beyond-numbers-real-world-impact-malaria-vaccine-kenya"", ""detected_lang"": ""en""}",Leveraging new opportunities Malaria vaccination visits are also creating new opportunities for healthcare workers to see children who might not otherwise come to health centers or hospitals—and screen them for any other missed vaccinations.,Kutumia fursa mpya Ziara za chanjo ya Malaria pia zinaunda fursa mpya kwa wahudumu wa afya kuwaona watoto ambao pengine wasije kwenye vituo vya afya au hospitali—na kuwapima ili kubaini chanjo nyingine zozote walizokosa.
PSA_00045,Health,[Placeholders],WHO Regional Office for Africa,"{""url"": ""https://www.afro.who.int/countries/kenya/news/kenya-builds-capacity-produce-its-own-vaccines"", ""detected_lang"": ""en""}","Should a health emergency arise, the same platform can be rapidly redirected to produce a response, shortening the time it takes for effective countermeasures to reach affected populations.","Iwapo dharura ya kiafya itatokea, jukwaa sawa linaweza kuelekezwa kwingine kwa haraka ili kutoa jibu, na kufupisha muda unaochukua kwa hatua madhubuti za kukabiliana na hali hiyo kufikia watu walioathirika."
PSA_00046,Health,[Placeholders],WHO Regional Office for Africa,"{""url"": ""https://www.afro.who.int/countries/kenya/news/kenya-builds-capacity-produce-its-own-vaccines"", ""detected_lang"": ""en""}",The Pharmacy and Poisons Board is working alongside programme partners to ensure that vaccines produced locally meet the regulatory standards required to reach patients safely.,Bodi ya Famasia na Sumu inafanya kazi pamoja na washirika wa mpango ili kuhakikisha kuwa chanjo zinazozalishwa nchini zinakidhi viwango vya udhibiti vinavyohitajika ili kuwafikia wagonjwa kwa usalama.
PSA_00047,Health,[Placeholders],WHO Regional Office for Africa,"{""url"": ""https://www.afro.who.int/countries/kenya/news/kenyan-lab-boosting-africas-genome-surveillance"", ""detected_lang"": ""en""}","Genome sequencing is central to combatting COVID-19, allowing governments and health authorities to take swift and informed public health decisions such as measures to bolster preparedness for potential surges owing to more infectious variants or stepping up vaccination, diagnostics and treatment.","Mfuatano wa jenomu ni muhimu katika kupambana na COVID-19, kuruhusu serikali na mamlaka za afya kuchukua maamuzi ya haraka na ya kuarifu ya afya ya umma kama vile hatua za kuimarisha utayari wa ongezeko linaloweza kutokea kutokana na lahaja zinazoambukiza zaidi au kuongeza chanjo, uchunguzi na matibabu."
PSA_00048,Health,[Placeholders],WHO Regional Office for Africa,"{""url"": ""https://www.afro.who.int/countries/kenya/news/kenyan-lab-boosting-africas-genome-surveillance"", ""detected_lang"": ""en""}",World Health Organization (WHO) recommends that countries ship at least 5% of their COVID-19 samples to reference sequencing laboratory or continuously produce sequencing data if they have the capacity.,Shirika la Afya Ulimwenguni (WHO) linapendekeza kwamba nchi zisafirishe angalau 5% ya sampuli zao za COVID-19 kwenye maabara ya upangaji wa marejeleo au ziendelee kutoa data ya mfuatano ikiwa zina uwezo.
PSA_00049,Health,[Placeholders],WHO Regional Office for Africa,"{""url"": ""https://www.afro.who.int/countries/kenya/news/how-kenyas-health-system-responding-devastating-floods"", ""detected_lang"": ""en""}","The 32-year-old mother of five from Gatwekera in Kibera sub-county, Nairobi County, returned home to find everything submerged, including her children's vaccination records.","Mama wa watoto watano mwenye umri wa miaka 32 kutoka Gatwekera katika kaunti ndogo ya Kibera, Kaunti ya Nairobi, alirejea nyumbani na kupata kila kitu kimezama, ikiwa ni pamoja na rekodi za chanjo za watoto wake."
PSA_00050,Health,[Placeholders],WHO Regional Office for Africa,"{""url"": ""https://www.afro.who.int/countries/kenya/news/how-kenyas-health-system-responding-devastating-floods"", ""detected_lang"": ""en""}","I lost most of my things, including all the vaccination documents,"" she said.","Nilipoteza vitu vyangu vingi, pamoja na hati zote za chanjo, ""alisema."
PSA_00051,Health,[Placeholders],WHO Regional Office for Africa,"{""url"": ""https://www.afro.who.int/countries/kenya/news/how-kenyas-health-system-responding-devastating-floods"", ""detected_lang"": ""en""}","The Ministry of Health and WHO are working to ensure these lessons translate into stronger emergency plans, better-resourced facilities, and more resilient communities.","Wizara ya Afya na WHO zinafanya kazi ili kuhakikisha kuwa masomo haya yanatafsiriwa katika mipango thabiti ya dharura, vifaa vyenye rasilimali bora na jumuiya zinazostahimili zaidi."
PSA_00052,Health,[Placeholders],WHO Regional Office for Africa,"{""url"": ""https://www.afro.who.int/countries/kenya/news/who-and-novo-nordisk-foundation-partner-advance-health-workforce-education-kenya"", ""detected_lang"": ""en""}","The analysis projects that to meet the population's health needs, more than 114,000 additional health professionals across 31 different roles will need to be trained, employed, and retained within the health system by 2031.","Miradi ya uchanganuzi ambayo ili kukidhi mahitaji ya afya ya idadi ya watu, zaidi ya wataalamu 114,000 wa ziada wa afya katika majukumu 31 tofauti watahitaji kufunzwa, kuajiriwa, na kubakizwa ndani ya mfumo wa afya ifikapo 2031."
PSA_00053,Health,[Placeholders],WHO Regional Office for Africa,"{""url"": ""https://www.afro.who.int/countries/kenya/news/who-hands-over-us-23-million-ambulances-medical-equipment-and-supplies-kenya"", ""detected_lang"": ""en""}","Additionally, the package comprises 230 medical oxygen cylinders and nearly 3,000 emergency prevention and response supplies to ensure frontline facilities are prepared for outbreaks, health emergencies, and critical care needs.","Zaidi ya hayo, kifurushi hiki kinajumuisha mitungi 230 ya oksijeni ya matibabu na karibu vifaa 3,000 vya kuzuia dharura na majibu ili kuhakikisha kuwa vituo vya mstari wa mbele vinatayarishwa kwa milipuko, dharura za kiafya, na mahitaji muhimu ya utunzaji."
PSA_00054,Health,[Placeholders],WHO Regional Office for Africa,"{""url"": ""https://www.afro.who.int/countries/kenya/news/who-hands-over-us-23-million-ambulances-medical-equipment-and-supplies-kenya"", ""detected_lang"": ""en""}","Our focus is to ensure that every Kenyan accesses high quality health services."" The new resources will strengthen emergency referral care, expand oxygen capacity, help reduce maternal and newborn deaths in high burden counties, and improve Kenya's readiness to respond to cholera, Mpox, and other public health threats.","Lengo letu ni kuhakikisha kwamba kila Mkenya anapata huduma za afya za hali ya juu."" Rasilimali hizo mpya zitaimarisha huduma ya rufaa ya dharura, kupanua uwezo wa oksijeni, kusaidia kupunguza vifo vya kina mama na watoto wachanga katika kaunti zenye mzigo mkubwa, na kuboresha utayari wa Kenya kukabiliana na kipindupindu, Mpox na vitisho vingine vya afya ya umma."
PSA_00055,Health,[Placeholders],WHO Regional Office for Africa,"{""url"": ""https://www.afro.who.int/countries/kenya/news/mobile-health-services-kenya-reduce-risk-stillbirths"", ""detected_lang"": ""en""}","In the past year, WHO has supported 14 of the 47 counties in Kenya to develop a pool of facility-based mentors of emergency obstetric and newborn care, helping ensure that more women can access skilled care during pregnancy and childbirth, even in the most hard-to-reach areas.","Katika mwaka uliopita, WHO imesaidia kaunti 14 kati ya 47 nchini Kenya kuendeleza kundi la washauri wa dharura wa uzazi na watoto wanaozaliwa, na kusaidia kuhakikisha kwamba wanawake wengi zaidi wanaweza kupata huduma za ujuzi wakati wa ujauzito na kujifungua, hata katika maeneo magumu kufikiwa."
PSA_00056,Health,[Placeholders],WHO Regional Office for Africa,"{""url"": ""https://www.afro.who.int/countries/kenya/news/15-days-72-hours-digital-payments-accelerate-compensation-120-000-health-workers-kenya"", ""detected_lang"": ""en""}","To address these challenges, the WHO Digital Finance Team, in collaboration with the Ministry of Health and the World Health Organization in Kenya, introduced a digital payment system to ensure health workers are compensated faster and more reliably.","Ili kukabiliana na changamoto hizi, Timu ya Fedha ya Kidijitali ya WHO, kwa ushirikiano na Wizara ya Afya na Shirika la Afya Ulimwenguni nchini Kenya, ilianzisha mfumo wa malipo wa kidijitali ili kuhakikisha wafanyakazi wa afya wanalipwa fidia haraka na kwa uhakika zaidi."
PSA_00057,Health,[Placeholders],WHO Regional Office for Africa,"{""url"": ""https://www.afro.who.int/countries/kenya/news/rapid-response-brings-relief-flood-affected-communities-kenya"", ""detected_lang"": ""en""}","""The whole-of-government approach, led by President William Ruto, is to ensure that we work across all sectors to minimize the pain for so many,"" says Hilary Limo, the manager of the Public Health Emergency Operations Centre.","“Mtazamo wa jumla wa serikali, unaoongozwa na Rais William Ruto, ni kuhakikisha kwamba tunafanya kazi katika sekta zote ili kupunguza machungu kwa wengi,” asema Hilary Limo, meneja wa Kituo cha Operesheni za Dharura za Afya ya Umma."
PSA_00058,Health,[Placeholders],WHO Regional Office for Africa,"{""url"": ""https://www.afro.who.int/countries/kenya/news/rapid-response-brings-relief-flood-affected-communities-kenya"", ""detected_lang"": ""en""}","""Going forward we will need to look at the impact of the floods, continuity of care and provide resilience capacity building to communities.","""Kwa kwenda mbele tutahitaji kuangalia athari za mafuriko, mwendelezo wa utunzaji na kutoa kujenga uwezo wa kustahimili jamii."
PSA_00059,Health,[Placeholders],WHO Regional Office for Africa,"{""url"": ""https://www.afro.who.int/countries/kenya/news/path-expanding-cervical-cancer-screening-kenya"", ""detected_lang"": ""en""}",World Health Organization (WHO) recommends the HPV DNA testing as it detects the high-risk strains of the human papilloma virus unlike tests that rely on visual inspection.,Shirika la Afya Duniani (WHO) linapendekeza upimaji wa DNA wa HPV kwani hugundua aina hatarishi za virusi vya papiloma ya binadamu tofauti na vipimo vinavyotegemea ukaguzi wa kuona.
PSA_00060,Health,[Placeholders],WHO Regional Office for Africa,"{""url"": ""https://www.afro.who.int/countries/kenya/news/path-expanding-cervical-cancer-screening-kenya"", ""detected_lang"": ""en""}","Though the overall coverage was higher than the national average, it was limited by availability of commodities; therefore addressing procurement inefficiencies to ensure regular availability of all necessary HPV screening commodities is necessary for an effective HPV-based cervical cancer screening program rollout.","Ingawa huduma ya jumla ilikuwa kubwa kuliko wastani wa kitaifa, ilipunguzwa na upatikanaji wa bidhaa; kwa hivyo kushughulikia upungufu wa manunuzi ili kuhakikisha upatikanaji wa mara kwa mara wa bidhaa zote muhimu za uchunguzi wa HPV ni muhimu kwa ajili ya uanzishaji wa mpango wa uchunguzi wa saratani ya shingo ya kizazi unaozingatia HPV."
PSA_00061,Health,[Placeholders],WHO Regional Office for Africa,"{""url"": ""https://www.afro.who.int/countries/kenya/news/path-expanding-cervical-cancer-screening-kenya"", ""detected_lang"": ""en""}","It should be noted that about a quarter of all the HPV-positive women were not triaged, and therefore an effective fail-safe mechanism to track and trace such women is necessary.","Ikumbukwe kwamba takriban robo ya wanawake wote walio na HPV hawakufanyiwa vipimo, na kwa hivyo utaratibu madhubuti wa kushindwa kuwafuatilia na kuwafuatilia wanawake kama hao ni muhimu."
PSA_00062,Health,[Placeholders],WHO Regional Office for Africa,"{""url"": ""https://www.afro.who.int/countries/kenya/news/kenya-who-launch-bold-initiative-transform-africas-health-emergency-response"", ""detected_lang"": ""en""}","The Emergency Hub will also oversee a variety of sub-regional activities in Eastern Africa, including maintaining stockpiles of medical and logistical supplies and stationing WHO staff to ensure quick deployment during emergencies.","Kituo cha Dharura pia kitasimamia shughuli mbalimbali za kanda ndogo katika Afrika Mashariki, ikiwa ni pamoja na kutunza akiba ya vifaa vya matibabu na vifaa na kuweka vituo vya wafanyakazi wa WHO ili kuhakikisha kupelekwa kwa haraka wakati wa dharura."
PSA_00063,Health,[Placeholders],WHO Regional Office for Africa,"{""url"": ""https://www.afro.who.int/countries/kenya/news/kenya-who-launch-bold-initiative-transform-africas-health-emergency-response"", ""detected_lang"": ""en""}",The initiative aims to ensure that one billion Africans are better protected from health emergencies by the end of 2025.,Mpango huo unalenga kuhakikisha kuwa Waafrika bilioni moja wanalindwa vyema dhidi ya dharura za kiafya ifikapo mwisho wa 2025.
PSA_00064,Health,[Placeholders],WHO Regional Office for Africa,"{""url"": ""https://www.afro.who.int/countries/kenya/news/world-health-day-2025-putting-mothers-and-newborns-first-kajiado-kenya"", ""detected_lang"": ""en""}","""Let's close the care gap and ensure every birth is safe and supported."" Dr.","""Hebu tuzibe pengo la utunzaji na kuhakikisha kila kuzaliwa ni salama na kuungwa mkono."" Dk."
PSA_00065,Health,[Placeholders],WHO Regional Office for Africa,"{""url"": ""https://www.afro.who.int/countries/kenya/news/world-health-day-2025-putting-mothers-and-newborns-first-kajiado-kenya"", ""detected_lang"": ""en""}","Luigi D'Acquino, Chief of Health for UNICEF Kenya, also underscored his organization's commitment to the cause: ""UNICEF stands with WHO and the Ministry of Health to ensure every child's right to life is upheld.","Luigi D'Acquino, Mkuu wa Afya wa UNICEF Kenya, pia alisisitiza dhamira ya shirika lake katika suala hili: ""UNICEF inasimama na WHO na Wizara ya Afya kuhakikisha haki ya kila mtoto ya kuishi inazingatiwa."
PSA_00066,Health,[Placeholders],WHO Regional Office for Africa,"{""url"": ""https://www.afro.who.int/countries/kenya/news/valuable-community-response-lessons-2022"", ""detected_lang"": ""en""}","MOH in an effort to accelerate vaccination, embarked on a 10-million vaccination race by end of 2021 , even as it targets more millions (27 Million) of vaccination by June 2022.","MOH katika juhudi za kuharakisha chanjo, ilianza mbio za chanjo ya milioni 10 kufikia mwisho wa 2021, hata kama inalenga mamilioni zaidi (Milioni 27) ya chanjo ifikapo Juni 2022."
PSA_00067,Health,[Placeholders],WHO Regional Office for Africa,"{""url"": ""https://www.afro.who.int/countries/kenya/news/valuable-community-response-lessons-2022"", ""detected_lang"": ""en""}","Over 4.1 million are fully vaccinated while 5,820,951 are partially vaccinated.","Zaidi ya milioni 4.1 wamechanjwa kikamilifu huku 5,820,951 wakiwa wamechanjwa kiasi."
PSA_00068,Health,[Placeholders],WHO Regional Office for Africa,"{""url"": ""https://www.afro.who.int/countries/kenya/news/valuable-community-response-lessons-2022"", ""detected_lang"": ""en""}","In recent months, MOH embarked on the stringent plan to reach more people for vaccination through the 10-million vaccinations target by end of year.","Katika miezi ya hivi karibuni, MOH ilianza mpango mkali wa kuwafikia watu wengi zaidi kwa ajili ya chanjo kupitia lengo la chanjo ya milioni 10 ifikapo mwisho wa mwaka."
PSA_00069,Health,[Placeholders],WHO Regional Office for Africa,"{""url"": ""https://www.afro.who.int/countries/kenya/news/valuable-community-response-lessons-2022"", ""detected_lang"": ""en""}","With the newer threat by Omicron and rising numbers of infections – 3,286 new confirmed COVID-19 cases as of December 30 - the need to sustain vaccination and preventive and protective measures by all, has become as urgent as ever.","Kukiwa na tishio jipya zaidi la Omicron na kuongezeka kwa idadi ya maambukizo - kesi 3,286 mpya zilizothibitishwa za COVID-19 kufikia Desemba 30 - hitaji la kudumisha chanjo na hatua za kinga na kinga na wote, imekuwa haraka kama zamani."
PSA_00070,Health,[Placeholders],WHO Regional Office for Africa,"{""url"": ""https://www.afro.who.int/countries/kenya/news/valuable-community-response-lessons-2022"", ""detected_lang"": ""en""}","Currently, government has given new guidelines for people to show evidence of vaccination as a protection against infection of others.","Hivi sasa, serikali imetoa miongozo mipya kwa watu kuonyesha ushahidi wa chanjo kama kinga dhidi ya maambukizi ya wengine."
PSA_00071,Health,[Placeholders],WHO Regional Office for Africa,"{""url"": ""https://www.afro.who.int/countries/kenya/news/valuable-community-response-lessons-2022"", ""detected_lang"": ""en""}","In December, WHO Kenya joined the vaccination acceleration campaign in the field and through funding and technical support, collaborated with health colleagues in 11 counties to enhance the vaccine acceleration and preventive effort.","Mnamo Desemba, WHO Kenya ilijiunga na kampeni ya kuongeza kasi ya chanjo katika uwanja huo na kupitia ufadhili na usaidizi wa kiufundi, ilishirikiana na wenzao wa afya katika kaunti 11 ili kuongeza kasi ya chanjo na juhudi za kuzuia."
PSA_00072,Health,[Placeholders],WHO Regional Office for Africa,"{""url"": ""https://www.afro.who.int/countries/kenya/news/valuable-community-response-lessons-2022"", ""detected_lang"": ""en""}","The dominant feature was the response challenge manifested by low numbers of vaccination, some as low as 2 percent of the targeted vaccinated population.","Kipengele kikuu kilikuwa changamoto ya mwitikio iliyodhihirishwa na idadi ndogo ya chanjo, baadhi ya chini kama asilimia 2 ya watu waliolengwa."
PSA_00073,Health,[Placeholders],WHO Regional Office for Africa,"{""url"": ""https://www.afro.who.int/countries/kenya/news/valuable-community-response-lessons-2022"", ""detected_lang"": ""en""}","The response – enthusiasm and curiosity - a clear evidence that more people than appreciated, were ready for vaccination and needed more convenience to get it done but also clarity and reliability of information from those they can trust because of the endless misinformation they have to deal with.","Jibu - shauku na udadisi - ushahidi wazi kwamba watu wengi zaidi kuliko kuthaminiwa, walikuwa tayari kwa chanjo na walihitaji urahisi zaidi ili kuifanya lakini pia uwazi na uaminifu wa taarifa kutoka kwa wale wanaoweza kuwaamini kwa sababu ya habari zisizo na mwisho ambazo wanapaswa kushughulikia."
PSA_00074,Health,[Placeholders],WHO Regional Office for Africa,"{""url"": ""https://www.afro.who.int/countries/kenya/news/valuable-community-response-lessons-2022"", ""detected_lang"": ""en""}","In mosques, churches, community social halls, schools, transport terminus, street corners, football fields and the local dispensary, tens and hundreds of people turned up to be vaccinated.","Katika misikiti, makanisa, kumbi za kijamii za jamii, shule, kituo cha usafiri, kona za barabara, uwanja wa mpira na zahanati ya eneo hilo, makumi na mamia ya watu walijitokeza kupata chanjo."
PSA_00075,Health,[Placeholders],WHO Regional Office for Africa,"{""url"": ""https://www.afro.who.int/countries/kenya/news/valuable-community-response-lessons-2022"", ""detected_lang"": ""en""}","In far-flung counties like Samburu, Wajir, Lamu and others where distance from a health facility or other essential services was a great barrier, enabled health teams were pleasantly surprised by the readiness for vaccination.","Katika kaunti za mbali kama Samburu, Wajir, Lamu na zingine ambapo umbali kutoka kwa kituo cha afya au huduma zingine muhimu ulikuwa kizuizi kikubwa, timu za afya zilizowezeshwa zilishangazwa sana na utayari wa chanjo."
PSA_00076,Health,[Placeholders],WHO Regional Office for Africa,"{""url"": ""https://www.afro.who.int/countries/kenya/news/valuable-community-response-lessons-2022"", ""detected_lang"": ""en""}","""It is a personal decision to vaccinate, but the availability is very important to most people here who live far away from services"", she said.","""Ni uamuzi wa kibinafsi kutoa chanjo, lakini upatikanaji ni muhimu sana kwa watu wengi hapa ambao wanaishi mbali na huduma"", alisema."
PSA_00077,Health,[Placeholders],WHO Regional Office for Africa,"{""url"": ""https://www.afro.who.int/countries/kenya/news/valuable-community-response-lessons-2022"", ""detected_lang"": ""en""}",Others were drawn by the convenience and access to the vaccination.,Wengine walivutiwa na urahisi na ufikiaji wa chanjo.
PSA_00078,Health,[Placeholders],WHO Regional Office for Africa,"{""url"": ""https://www.afro.who.int/countries/kenya/news/valuable-community-response-lessons-2022"", ""detected_lang"": ""en""}","""I came to pray and heard that a team was outside the mosque and that I could be vaccinated,"" Salim, a 42-year father of two who lives in Kisauni, Mombasa, said.","""Nilikuja kusali na nikasikia kwamba timu ilikuwa nje ya msikiti na kwamba ningeweza kuchanjwa,"" Salim, baba wa watoto wawili wa miaka 42 anayeishi Kisauni, Mombasa, alisema."
PSA_00079,Health,[Placeholders],WHO Regional Office for Africa,"{""url"": ""https://www.afro.who.int/countries/kenya/news/valuable-community-response-lessons-2022"", ""detected_lang"": ""en""}",He made up his mind right there to be vaccinated.,Aliamua hapo hapo kuchanjwa.
PSA_00080,Health,[Placeholders],WHO Regional Office for Africa,"{""url"": ""https://www.afro.who.int/countries/kenya/news/valuable-community-response-lessons-2022"", ""detected_lang"": ""en""}","Another, Omar, heard the announcement for vaccination at prayer at the Swalihini Mosque, Mombasa and made up his mind to go for it.","Mwingine, Omar, alisikia tangazo la chanjo katika swala katika Msikiti wa Swalihini, Mombasa na akaamua kwenda kulipokea."
PSA_00081,Health,[Placeholders],WHO Regional Office for Africa,"{""url"": ""https://www.afro.who.int/countries/kenya/news/valuable-community-response-lessons-2022"", ""detected_lang"": ""en""}","He said while he had nothing against vaccination, he had not found time to visit the nearest health facility.","Alisema ingawa hakuwa na chochote dhidi ya chanjo, hajapata muda wa kutembelea kituo cha afya kilicho karibu naye."
PSA_00082,Health,[Placeholders],WHO Regional Office for Africa,"{""url"": ""https://www.afro.who.int/countries/kenya/news/valuable-community-response-lessons-2022"", ""detected_lang"": ""en""}","""It is hard for people like me without a regular job to go line-up in order to be vaccinated.","""Ni vigumu kwa watu kama mimi bila kazi ya kawaida kuingia kwenye mstari ili kupata chanjo."
PSA_00083,Health,[Placeholders],WHO Regional Office for Africa,"{""url"": ""https://www.afro.who.int/countries/kenya/news/valuable-community-response-lessons-2022"", ""detected_lang"": ""en""}","""Before you know it, several messages are on your phone and neighbours and relatives reinforce those messages so you don't go to for vaccination"", another said.","""Kabla ya kujua, jumbe kadhaa ziko kwenye simu yako na majirani na jamaa huimarisha jumbe hizo ili usiende kupata chanjo"", mwingine alisema."
PSA_00084,Health,[Placeholders],WHO Regional Office for Africa,"{""url"": ""https://www.afro.who.int/countries/kenya/news/valuable-community-response-lessons-2022"", ""detected_lang"": ""en""}","Others think, the health information should have been left to religious leaders who are better trusted.","Wengine wanafikiri, taarifa za afya zilipaswa kuachiwa viongozi wa kidini ambao wanaaminika zaidi."
PSA_00085,Health,[Placeholders],WHO Regional Office for Africa,"{""url"": ""https://www.afro.who.int/countries/kenya/news/valuable-community-response-lessons-2022"", ""detected_lang"": ""en""}","Technology in use for registration before vaccination is a great asset for data compilation but with surged numbers, more solutions will support the efforts to reach more people through the Chanjo Platform.","Teknolojia inayotumika kwa ajili ya usajili kabla ya chanjo ni nyenzo nzuri kwa utungaji wa data lakini kwa kuwa na nambari nyingi, masuluhisho zaidi yataunga mkono juhudi za kuwafikia watu wengi zaidi kupitia Mfumo wa Chanjo."
PSA_00086,Health,[Placeholders],WHO Regional Office for Africa,"{""url"": ""https://www.afro.who.int/countries/kenya/news/valuable-community-response-lessons-2022"", ""detected_lang"": ""en""}",Some found solutions in facilitation of extra teams to input information in the system in order to avoid backlogs and use of support from neighbours and family to pre-register vaccines before getting to the vaccination site.,Baadhi walipata suluhu katika kuwezesha timu za ziada za kuingiza taarifa kwenye mfumo ili kuepuka mrundikano na matumizi ya usaidizi kutoka kwa majirani na familia kusajili chanjo mapema kabla ya kufika kwenye tovuti ya chanjo.
PSA_00087,Health,[Placeholders],WHO Regional Office for Africa,"{""url"": ""https://www.afro.who.int/countries/kenya/news/valuable-community-response-lessons-2022"", ""detected_lang"": ""en""}","We shall each make effort to reach at least 10 people who are not vaccinated and so that we can all be safe,"" members told the chief.","Kila mmoja wetu atafanya juhudi kufikia angalau watu 10 ambao hawajachanjwa na ili sote tuwe salama,"" wanachama walimweleza chifu."
PSA_00088,Health,[Placeholders],WHO Regional Office for Africa,"{""url"": ""https://www.afro.who.int/countries/kenya/news/valuable-community-response-lessons-2022"", ""detected_lang"": ""en""}","Assistant chief Jeremiah Machache of Majaoni, Shanzu, says more people are embracing healthy behavior change and agreeing to vaccinate to protect themselves and others.","Msaidizi wa chifu Jeremiah Machache wa Majaoni, Shanzu, anasema watu wengi zaidi wanakumbatia mabadiliko ya tabia kiafya na kukubali kuchanja ili kujikinga na wengine."
PSA_00089,Health,[Placeholders],WHO Regional Office for Africa,"{""url"": ""https://www.afro.who.int/countries/kenya/news/valuable-community-response-lessons-2022"", ""detected_lang"": ""en""}","Increasingly, the example by leaders like him who have vaccinated, wears masks and insists on keeping distance rubs off on the 14,000-members of community.","Kwa kuongezeka, mfano wa viongozi kama yeye ambao wamechanja, huvaa vinyago na kusisitiza kuwaweka mbali watu 14,000 wa jamii."
PSA_00090,Health,[Placeholders],WHO Regional Office for Africa,"{""url"": ""https://www.afro.who.int/countries/kenya/news/valuable-community-response-lessons-2022"", ""detected_lang"": ""en""}","Overall, the WHO Kenya 10-day and follow-up support raised vaccination numbers by an estimate 300,000.","Kwa jumla, usaidizi wa WHO Kenya wa siku 10 na ufuatiliaji uliongeza idadi ya chanjo kwa makadirio 300,000."
PSA_00091,Health,[Placeholders],WHO Regional Office for Africa,"{""url"": ""https://www.afro.who.int/countries/kenya/news/strengthening-clinical-care-high-consequence-infectious-diseases-east-africa"", ""detected_lang"": ""en""}","World Health Organization supported this effort through technical guidance, coordination and the strengthening of regional networks, helping to ensure that clinical capacity continues to grow across countries and is sustained between outbreaks.","Shirika la Afya Ulimwenguni liliunga mkono juhudi hizi kupitia mwongozo wa kiufundi, uratibu na uimarishaji wa mitandao ya kikanda, kusaidia kuhakikisha kwamba uwezo wa kimatibabu unaendelea kukua katika nchi zote na unadumishwa kati ya milipuko."
PSA_00092,Health,[Placeholders],WHO Regional Office for Africa,"{""url"": ""https://www.afro.who.int/countries/kenya/news/strengthening-clinical-care-high-consequence-infectious-diseases-east-africa"", ""detected_lang"": ""en""}",The next phase is to ensure that every patient benefits from the same standard of high-quality care.,Awamu inayofuata ni kuhakikisha kwamba kila mgonjwa ananufaika na kiwango sawa cha utunzaji wa hali ya juu.
PSA_00093,Health,[Placeholders],WHO Regional Office for Africa,"{""url"": ""https://www.afro.who.int/countries/kenya/news/behind-scenes-ebola-disease-outbreak-response"", ""detected_lang"": ""en""}","""I need to ensure that the cargo leaving for the Democratic Republic of the Congo is well taken care of and loaded in a clear way so that it may not be damaged,"" says Oloo.","“Nahitaji kuhakikisha kuwa mizigo inayoondoka kuelekea Jamhuri ya Kidemokrasia ya Kongo inatunzwa vyema na kupakiwa kwa njia inayoeleweka ili isiharibike,” anasema Oloo."
PSA_00094,Health,[Placeholders],WHO Regional Office for Africa,"{""url"": ""https://www.afro.who.int/countries/kenya/news/who-and-kenya-hand-over-theatre-beds-and-cancer-equipment-strengthen-maternal-and-womens-health"", ""detected_lang"": ""en""}","He added that a resilient health system must support women across the life course, not only during pregnancy and childbirth, central to the government's commitment to Universal Health Coverage.","Aliongeza kuwa mfumo dhabiti wa afya lazima usaidie wanawake katika kipindi chote cha maisha, sio tu wakati wa ujauzito na kuzaa, kiini cha dhamira ya serikali ya Huduma ya Afya kwa Wote."
PSA_00095,Health,[Placeholders],World Health Organization (WHO),"{""url"": ""https://x.com/WHO/status/2080533563401740495"", ""platform"": ""X/Twitter"", ""media"": ""https://pbs.twimg.com/media/HN-KP84WoAAIGdR?format=jpg&name=small""}","Self-care isn't selfish; it's survival, strength, and showing up for yourself. Every choice to protect your health is a quiet act of power for you, and for the people who count on you. This International Self-Care Day, choose yourself. Take the walk. Book the check-up. Ask the questions. Rest when you need to. Choose one healthy habit today — and let it be the beginning of many. Your health is worth your time.","Kujitunza si choyo; ni usalama, nguvu, na kujisimamisha. Kila uchaguzi wa kulinda afya yako ni kitendo cha kimya cha mamlaka kwako na kwa watu wanaokutegemea. Siku hii ya Kujitunza Duniani, chagua nafsi yako. Tembea, panga uchunguzi wa afya, uliza maswali, na pumzika unapohitaji."
PSA_00096,Health,[Placeholders],World Health Organization (WHO),"{""url"": ""https://x.com/WHO/status/2081092205800788083"", ""platform"": ""X/Twitter"", ""media"": ""https://pbs.twimg.com/media/HOGGVLfXYAA_jv3?format=jpg&name=small""}","Here's a popular misconception we need to talk about. Inflatables don't keep children safe in the water. Inflatable armbands, neck floaties, and other inflatable toys tend to give a false sense of security. They can slip off, deflate, disrupt balance, and are not designed to prevent drowning. The real protection is constant, active adult supervision, always within arm's reach https://bit.ly/4yEIAgY DrowningPrevention WorldDrowningPreventionDay : Getty Images","Huu hapa ni ufahamu potofu unaofaa kuzungumziwa: Vifaa vya kupuliza hewa havimlindi mtoto majini. Vitambaa vya mikononi na vinyago vya kuogelea vinatoa usalama wa uongo. Vinaweza kuvuka, kupoteza upepo, na havijatengenezwa kuzuia kuzama. Ulinzi wa kweli ni usimamizi wa karibu wa mtu mzima wakati wote."
PSA_00097,Health,[Placeholders],World Health Organization (WHO),"{""url"": ""https://x.com/WHO/status/2080895831603835241"", ""platform"": ""X/Twitter"", ""media"": ""nan""}","DrowningPrevention Tip: Watch over children Whether it's a pool, a beach, a pond, or a bathtub, adult supervision is a MUST to keep the little ones safe. Remain vigilant & avoid distractions so that you can respond quickly if a child needs help https://bit.ly/4yEIAgY","Dokezo la Kuzuia Kuzama Majini: Waangalie watoto kwa karibu. Iwe ni kwenye bwawa la kuogelea, ufukweni, au bafuni, usimamizi wa mtu mzima ni LAZIMA ili kuwalinda watoto. Kaeni macho na muepuke vizuizi ili muweze kusaidia haraka mtoto anapohitaji msaada."
PSA_00098,Health,[Placeholders],World Health Organization (WHO),"{""url"": ""https://x.com/WHO/status/2081077034915074435"", ""platform"": ""X/Twitter"", ""media"": ""nan""}","Meet Taylor, a dedicated instructor from Ghana who trains lifeguards along Accra's bustling coasts. Every year, Ghana tragically loses over 1,000 people to drowning. But Ghana acted swiftly. A powerful national coalition - uniting the Ghana National Fire Service , Police , , Ambulance Service, and academic partners such as , — is now working to make the country's waters safer for everyone. Watch Taylor's story. DrowningPrevention WorldDrowningPreventionDay","Kutana na Taylor, mkufunzi aliyejitolea kutoka Ghana anayefunza waokoaji wa pwani. Kila mwaka Ghana hupoteza zaidi ya watu 1,000 kwa kuzama majini. Shirikisho la kitaifa sasa linafanya kazi kufanya maji kuwa salama kwa kila mtu."
PSA_00099,Health,[Placeholders],World Health Organization (WHO),"{""url"": ""https://x.com/WHO/status/2081016662090743899"", ""platform"": ""X/Twitter"", ""media"": ""nan""}","Learn how Thailand's ""Merit Maker"" DrowningPrevention strategy brought down drowning deaths in children under 15 by 67% since 2006. WorldDrowningPreventionDay",Jifunze jinsi Mbinu ya Thailand ya 'Merit Maker' ya Kuzuia Kuzama Majini ilivyopunguza vifo vya watoto chini ya miaka 15 kwa 67% tangu mwaka 2006.
PSA_00100,Health,[Placeholders],World Health Organization (WHO),"{""url"": ""https://x.com/WHO/status/2080775151260442762"", ""platform"": ""X/Twitter"", ""media"": ""https://pbs.twimg.com/media/HOBl-RgXYAA2FJu?format=jpg&name=small""}","It's WorldDrowningPreventionDay. Drowning claims more than 300,000 lives every year. That's 30 people drowning every hour. But this tragedy is largely preventable. DrowningPrevention = Save lives before the danger strikes https://bit.ly/4yEIAgY","Ni Siku ya Kuzuia Kuzama Majini Duniani. Kuzama majini kunagharimu zaidi ya maisha 300,000 kila mwaka—hiyo ni watu 30 kila saa. Lakini janga hili linaweza kuzuiwa. Mwe salama karibu na maji."
PSA_00101,Health,[Placeholders],World Health Organization (WHO),"{""url"": ""https://x.com/WHO/status/2080624112930574812"", ""platform"": ""X/Twitter"", ""media"": ""nan""}",Are you enjoying relaxing by the water this summer? Be safe around the water. Learn about drowning prevention tips.,"Je, unafurahia kupumzika karibu na maji msimu huu? Mwe salama karibu na maji na ujifunze dokezo za kuzuia kuzama majini."
PSA_00102,Health,[Placeholders],World Health Organization (WHO),"{""url"": ""https://x.com/WHO/status/2080926023642677353"", ""platform"": ""X/Twitter"", ""media"": ""nan""}",Too many people are still left unprotected around the water. But drowning is preventable. Here are some practical water safety tips.,Watu wengi bado hawajalindwa karibu na maji. Lakini kuzama majini kunaweza kuzuiwa. Hapa kuna dokezo za msingi za usalama wa majini.
PSA_00103,Education,[Placeholders],KUCCPS,"{""url"": ""https://x.com/KUCCPS_Official/status/2080193618426438117"", ""platform"": ""X/Twitter"", ""media"": ""https://x.com/KUCCPS_Official/status/2080193618426438117/photo/1""}","To all prospective medical students, your time is now! The application for Kenya Medical Training College (KMTC) September 2026 intake is officially OPEN through the KUCCPS students portal! This is your chance to start your journey into a career in healthcare. Don't wait, log","📢 Kwa wanafunzi wote wanaotarajia kusomea udaktari na afya, wakati wenu ni sasa! Maombi ya Chuo cha Mafunzo ya Matibabu cha Kenya (KMTC) mchujo wa Septemba 2026 yamefunguliwa rasmi kupitia Tovuti ya KUCCPS!"
PSA_00104,Education,[Placeholders],Huduma Kenya,"{""url"": ""https://x.com/HudumaKenya/status/2080156661092585550"", ""platform"": ""X/Twitter"", ""media"": ""https://x.com/HudumaKenya/status/2080156661092585550/photo/1""}","Placements done! Hujaridhika and would like to be transferred from your current placement? Pitia Huduma Centres karibu nawe, are ready to assist in inter institution transfer portal application.","Uwekaji wa kozi umekamilika! Hujaridhika na ungependa kuhamishwa kutoka chuo chako cha sasa? Tembelea vituo vya Huduma Centre karibu nawe, maafisa wa KUCCPS wako tayari kukusaidia katika ombi la uhamisho kati ya vyuo."
PSA_00105,Education,[Placeholders],KUCCPS,"{""url"": ""https://x.com/KUCCPS_Official/status/2079839172026613995"", ""platform"": ""X/Twitter"", ""media"": ""https://x.com/KUCCPS_Official/status/2079839172026613995/photo/1""}",Missed university application? You have another chance via KUCCPS. Read details here: https://nation.africa/kenya/news/education/missed-university-placement-here-s-your-second-chance-5531548?sfnsn=wa…,Ulikosa ombi la kujiunga na chuo kikuu? Unayo nafasi nyingine kupitia KUCCPS. Soma maelezo zaidi kwenye tovuti rasmi.
PSA_00106,Education,[Placeholders],KUCCPS,"{""url"": ""https://x.com/KUCCPS_Official/status/2079521349970649179"", ""platform"": ""X/Twitter"", ""media"": ""nan""}","Over the past week, KUCCPS has conducted career sensitisation forums in Bungoma County, in collaboration with Bungoma County Directorate of Education. The activities were held across six sub-counties of Tongaren, Bungoma North, Bungoma East, Mt. Elgon, Kopsiro, and Cheptais,","Katika wiki iliyopita, KUCCPS imeendesha mikutano ya ushauri wa taaluma katika Kaunti ya Bungoma ikishirikiana na Kurugenzi ya Elimu ya Kaunti."
PSA_00107,Education,[Placeholders],KUCCPS,"{""url"": ""https://x.com/KUCCPS_Official/status/2078414056222757149"", ""platform"": ""X/Twitter"", ""media"": ""nan""}","KUCCPS has concluded a five-day career guidance outreach series of activities in Migori County, during which 5,000 learners from 32 junior schools in Kuria West and Rongo Constituencies were sensitised. The campaign concluded on Friday with sessions at Nyankore Comprehensive","KUCCPS hitimisha mfululizo wa siku tano wa shughuli za ushauri wa taaluma katika Kaunti ya Migori, ambapo wanafunzi 5,000 kutoka shule 32 za msingi za gredi za juu walihamasishwa."
PSA_00108,Education,[Placeholders],KUCCPS,"{""url"": ""https://x.com/KUCCPS_Official/status/2078144362580426796"", ""platform"": ""X/Twitter"", ""media"": ""nan""}","Instant Placement! Form Four leavers applying for university placement during the current late degree application window are getting instant placement, KUCCPS Chief Executive Officer Dr. Agnes Mercy Wahome has announced. She spoke today during a sensitisation forum held at","Uteuzi wa Papo Hapo! Waliotoka kidato cha nne wanaoomba nafasi za vyuo vikuu katika dirisha la sasa wanapata uteuzi wa papo hapo, Mtendaji Mkuu wa KUCCPS Dkt. Agnes Mercy Wahome atangaza."
PSA_00109,Security,[Placeholders],NHTSA / Public Transport Safety Authority,"{""category"": ""Speeding"", ""type"": ""Social Norming Campaign""}",Speeding Catches Up With You: This campaign focuses on social norming as a way of deterring people from speeding. Drive within speed limits to stay safe on the road.,Mwendo Kasi Unakufikia: Mkakati huu unalenga kubadilisha mienendo ya jamii ili kuwazuia watu kuendesha gari kwa mwendo kasi. Endesha gari kwa mwendo unaoruhusiwa ili kubaki salama barabarani.
PSA_00110,Security,[Placeholders],NHTSA / Public Transport Safety Authority,"{""category"": ""Speeding"", ""type"": ""Enforcement Campaign""}",Speeding Slows You Down: High-visibility enforcement campaign. Messaging is supported by increased law enforcement to enforce speed limits.,Mwendo Kasi Unakurudisha Nyuma: Mkakati wa usimamizi wa sheria barabarani. Ujumbe huu unaungwa mkono na kuongezwa kwa maafisa wa usalama ili kusimamia mipaka ya mwendo kasi.
PSA_00111,Health,[Placeholders],Public Child Safety & Health Authority,"{""category"": ""Child Safety"", ""type"": ""Public Health Advisory""}","Heatstroke Prevention: Resources to help educate parents and caregivers about the dangers of hot cars, including children getting trapped in an unlocked vehicle, being forgotten or left.","Kuzuia Mlipuko wa Joto (Heatstroke): Rasilimali za kuelimisha wazazi na walezi kuhusu hatari za magari yenye joto kali, ikiwa ni pamoja na watoto kukwama kwenye gari lililo wazi, kusahaulika au kuachwa ndani."
PSA_00112,Security,[Placeholders],Public Road Safety Authority,"{""category"": ""Vehicle Safety"", ""type"": ""Seasonal Driving Safety Advisory""}",Summer Driving Tips: Seasonal changes bring opportunities to share vehicle safety information and remind drivers to drive safely and prepare for seasonal conditions on the road.,Dokezo za Uendeshaji Magari Msimu wa Joto: Mabadiliko ya msimu yanatoa fursa ya kushiriki taarifa za usalama wa gari na kuwakumbusha madereva kuendesha kwa usalama na kujiandaa na hali ya barabara.
